2107,(15/12/2018),8,38,44,50,56,60,
2106,(12/12/2018),3,27,36,39,40,43,
2105,(08/12/2018),11,13,16,24,31,46,
2104,(06/12/2018),2,10,12,27,45,56,
2103,(04/12/2018),3,13,40,44,46,50,
2102,(01/12/2018),4,6,17,34,51,57,
2101,(28/11/2018),2,8,18,37,56,58,
2100,(24/11/2018),1,10,11,13,35,49,
2099,(21/11/2018),5,15,20,27,30,58,
2098,(17/11/2018),2,8,18,27,38,60,
2097,(14/11/2018),9,24,28,45,49,51,
2096,(10/11/2018),6,11,13,19,24,51,
2095,(07/11/2018),16,29,35,43,49,56,
2094,(03/11/2018),4,16,19,31,33,44,
2093,(31/10/2018),8,14,27,34,52,54,
2092,(27/10/2018),11,13,15,17,22,27,
2091,(25/10/2018),10,11,12,37,38,59,
2090,(23/10/2018),8,11,18,37,40,51,
2089,(20/10/2018),5,10,32,38,48,49,
2088,(17/10/2018),3,14,24,27,38,56,
2087,(13/10/2018),2,18,19,23,34,53,
2086,(10/10/2018),4,35,43,46,47,53,
2085,(06/10/2018),12,21,25,37,38,49,
2084,(03/10/2018),7,20,26,37,38,39,
2083,(29/09/2018),1,18,19,33,56,60,
2082,(26/09/2018),6,25,33,42,48,49,
2081,(22/09/2018),13,18,35,40,41,42,
2080,(20/09/2018),10,22,40,46,55,58,
2079,(18/09/2018),1,2,14,37,55,58,
2078,(15/09/2018),2,11,15,30,36,39,
2077,(12/09/2018),13,16,26,35,37,39,
2076,(08/09/2018),5,6,12,15,22,43,
2075,(05/09/2018),7,9,23,33,57,59,
2074,(01/09/2018),8,18,23,37,42,58,
2073,(29/08/2018),12,15,18,30,52,55,
2072,(25/08/2018),10,12,13,20,22,54,
2071,(22/08/2018),24,33,34,35,46,60,
2070,(18/08/2018),5,26,27,34,42,48,
2069,(16/08/2018),3,17,34,35,40,48,
2068,(14/08/2018),3,5,9,40,42,47,
2067,(11/08/2018),2,11,13,26,32,59,
2066,(08/08/2018),6,25,27,35,45,55,
2065,(04/08/2018),4,11,20,30,37,43,
2064,(01/08/2018),10,14,36,53,55,60,
2063,(28/07/2018),6,10,19,24,25,29,
2062,(25/07/2018),8,10,15,23,25,34,
2061,(21/07/2018),33,36,40,44,45,54,
2060,(18/07/2018),8,9,11,25,39,41,
2059,(14/07/2018),4,5,36,40,44,56,
2058,(11/07/2018),4,19,23,29,56,59,
2057,(07/07/2018),10,13,20,37,38,54,
2056,(05/07/2018),18,22,29,34,36,47,
2055,(03/07/2018),6,25,35,43,46,53,
2054,(30/06/2018),4,7,12,22,26,39,
2053,(27/06/2018),12,22,27,37,40,55,
2052,(23/06/2018),50,51,56,57,58,59,
2051,(20/06/2018),1,5,6,37,44,53,
2050,(16/06/2018),8,31,32,33,38,50,
2049,(13/06/2018),10,19,27,31,51,53,
2048,(09/06/2018),10,19,26,35,38,39,
2047,(06/06/2018),1,18,19,29,44,54,
2046,(02/06/2018),3,6,11,27,28,46,
2045,(30/05/2018),15,25,27,45,46,50,
2044,(26/05/2018),7,14,47,54,56,60,
2043,(23/05/2018),21,38,53,56,57,58,
2042,(19/05/2018),14,22,29,32,33,35,
2041,(16/05/2018),10,12,22,25,42,54,
2040,(12/05/2018),6,9,41,54,56,58,
2039,(10/05/2018),6,12,22,28,31,44,
2038,(08/05/2018),6,25,26,35,38,40,
2037,(05/05/2018),14,16,23,30,45,60,
2036,(02/05/2018),7,8,19,23,27,58,
2035,(28/04/2018),30,35,36,38,49,52,
2034,(25/04/2018),6,7,13,17,22,56,
2033,(20/04/2018),10,18,33,38,40,43,
2032,(17/04/2018),6,14,19,20,39,53,
2031,(14/04/2018),18,23,37,39,50,55,
2030,(11/04/2018),4,27,38,40,58,59,
2029,(07/04/2018),6,15,18,33,37,40,
2028,(04/04/2018),7,11,24,36,42,58,
2027,(31/03/2018),11,15,29,37,39,44,
2026,(28/03/2018),10,23,31,33,51,52,
2025,(24/03/2018),4,24,46,52,55,56,
2024,(21/03/2018),16,20,23,29,35,47,
2023,(17/03/2018),1,6,7,8,23,56,
2022,(14/03/2018),4,28,45,48,52,60,
2021,(10/03/2018),7,14,32,37,40,60,
2020,(07/03/2018),2,36,46,48,57,60,
2019,(03/03/2018),23,41,46,52,54,59,
2018,(28/02/2018),11,22,25,27,55,59,
2017,(24/02/2018),2,10,11,24,38,56,
2016,(21/02/2018),4,11,17,18,21,48,
2015,(17/02/2018),17,18,27,32,39,58,
2014,(14/02/2018),16,32,40,46,53,56,
2013,(10/02/2018),6,23,30,36,53,56,
2012,(08/02/2018),8,11,27,35,36,51,
2011,(06/02/2018),2,28,32,35,54,58,
2010,(03/02/2018),8,10,18,34,39,56,
2009,(31/01/2018),1,37,44,46,48,50,
2008,(27/01/2018),22,27,33,42,58,59,
2007,(24/01/2018),4,14,39,41,54,58,
2006,(20/01/2018),1,9,14,20,25,54,
2005,(17/01/2018),11,19,22,33,34,53,
2004,(13/01/2018),1,5,14,23,35,45,
2003,(10/01/2018),28,34,40,43,50,51,
2002,(06/01/2018),4,28,30,38,46,59,
2001,(03/01/2018),20,22,36,42,52,60,
2000,(31/12/2017),3,6,10,17,34,37,
1999,(21/12/2017),15,37,38,42,49,50,
1998,(19/12/2017),8,21,24,25,52,57,
1997,(16/12/2017),1,7,14,31,35,46,
1996,(13/12/2017),7,20,21,24,40,56,
1995,(09/12/2017),14,26,29,35,37,39,
1994,(06/12/2017),2,5,12,32,40,44,
1993,(02/12/2017),6,17,33,48,50,57,
1992,(29/11/2017),5,11,13,21,53,54,
1991,(25/11/2017),19,20,28,34,36,44,
1990,(22/11/2017),11,24,26,34,37,59,
1989,(18/11/2017),15,22,30,32,40,58,
1988,(16/11/2017),5,10,39,42,46,54,
1987,(11/11/2017),10,14,31,34,45,58,
1986,(09/11/2017),23,36,43,44,55,56,
1985,(07/11/2017),9,28,29,34,36,55,
1984,(04/11/2017),21,29,32,35,43,50,
1983,(01/11/2017),5,6,10,14,22,36,
1982,(28/10/2017),4,14,20,24,46,50,
1981,(25/10/2017),6,15,19,37,39,53,
1980,(21/10/2017),12,16,17,18,34,37,
1979,(19/10/2017),22,23,29,32,38,45,
1978,(17/10/2017),2,6,22,44,55,57,
1977,(14/10/2017),3,16,28,32,34,37,
1976,(11/10/2017),12,14,19,25,52,59,
1975,(07/10/2017),8,11,24,26,47,57,
1974,(04/10/2017),4,19,27,38,54,57,
1973,(30/09/2017),1,12,16,17,52,60,
1972,(27/09/2017),9,16,20,54,57,59,
1971,(23/09/2017),4,10,41,44,52,54,
1970,(21/09/2017),5,10,18,24,39,52,
1969,(19/09/2017),8,20,30,32,48,59,
1968,(16/09/2017),35,36,39,44,48,52,
1967,(13/09/2017),13,30,32,39,46,54,
1966,(09/09/2017),10,13,19,32,40,60,
1965,(06/09/2017),26,28,35,38,48,55,
1964,(02/09/2017),2,27,32,36,48,50,
1963,(30/08/2017),4,5,7,34,42,60,
1962,(26/08/2017),5,6,15,25,39,53,
1961,(23/08/2017),17,25,26,30,32,50,
1960,(19/08/2017),1,18,25,37,39,43,
1959,(16/08/2017),8,21,27,35,43,56,
1958,(12/08/2017),15,20,22,24,34,55,
1957,(10/08/2017),2,14,22,23,29,47,
1956,(08/08/2017),5,8,20,28,40,45,
1955,(05/08/2017),15,27,33,36,41,45,
1954,(02/08/2017),9,25,33,35,40,49,
1953,(29/07/2017),9,26,29,42,43,45,
1952,(26/07/2017),9,21,36,38,52,53,
1951,(22/07/2017),14,16,19,21,33,55,
1950,(19/07/2017),10,21,32,34,48,57,
1949,(15/07/2017),1,6,14,22,30,56,
1948,(12/07/2017),12,20,24,28,33,57,
1947,(08/07/2017),8,33,40,52,55,59,
1946,(06/07/2017),4,6,39,44,52,60,
1945,(04/07/2017),4,8,10,21,45,54,
1944,(01/07/2017),8,9,39,47,57,59,
1943,(28/06/2017),9,11,12,30,39,43,
1942,(24/06/2017),6,18,20,24,43,48,
1941,(21/06/2017),1,9,24,38,48,49,
1940,(17/06/2017),9,13,16,17,36,47,
1939,(14/06/2017),7,24,29,39,45,52,
1938,(10/06/2017),10,16,32,40,42,54,
1937,(07/06/2017),6,10,24,29,43,55,
1936,(03/06/2017),3,12,24,40,51,52,
1935,(31/05/2017),1,3,10,17,23,24,
1934,(27/05/2017),8,23,35,39,56,59,
1933,(24/05/2017),2,14,15,19,35,59,
1932,(20/05/2017),10,16,21,29,44,55,
1931,(17/05/2017),2,8,9,15,22,34,
1930,(13/05/2017),4,17,18,37,52,56,
1929,(11/05/2017),3,10,23,36,43,52,
1928,(09/05/2017),10,26,28,51,53,59,
1927,(06/05/2017),5,11,13,19,30,31,
1926,(03/05/2017),2,3,14,20,30,46,
1925,(29/04/2017),1,17,38,43,45,47,
1924,(26/04/2017),12,16,30,52,53,58,
1923,(22/04/2017),9,34,42,45,46,59,
1922,(19/04/2017),20,22,36,38,41,43,
1921,(15/04/2017),10,15,16,19,28,35,
1920,(12/04/2017),25,31,33,39,43,45,
1919,(08/04/2017),11,28,37,45,54,60,
1918,(05/04/2017),16,17,20,22,38,50,
1917,(01/04/2017),4,21,25,33,36,46,
1916,(29/03/2017),3,9,18,23,50,52,
1915,(25/03/2017),2,20,21,33,48,57,
1914,(22/03/2017),16,29,33,39,42,44,
1913,(18/03/2017),4,14,17,43,52,56,
1912,(15/03/2017),10,13,33,35,36,42,
1911,(11/03/2017),16,18,23,30,32,33,
1910,(08/03/2017),6,9,15,22,39,48,
1909,(04/03/2017),11,40,43,45,47,57,
1908,(01/03/2017),4,10,13,23,27,57,
1907,(25/02/2017),3,25,35,38,44,48,
1906,(23/02/2017),6,27,33,39,40,60,
1905,(21/02/2017),29,35,43,54,56,57,
1904,(18/02/2017),12,15,18,21,51,56,
1903,(15/02/2017),9,10,15,28,43,45,
1902,(11/02/2017),2,7,9,18,21,25,
1901,(08/02/2017),11,12,26,30,37,53,
1900,(04/02/2017),8,11,27,28,43,46,
1899,(01/02/2017),20,23,35,36,44,48,
1898,(28/01/2017),12,34,45,53,55,58,
1897,(25/01/2017),9,22,25,47,52,58,
1896,(21/01/2017),3,6,14,15,21,25,
1895,(18/01/2017),2,3,5,10,15,34,
1894,(14/01/2017),21,31,35,53,54,57,
1893,(11/01/2017),16,17,19,28,45,58,
1892,(07/01/2017),6,17,22,30,37,50,
1891,(04/01/2017),1,3,19,23,47,58,
1890,(31/12/2016),5,11,22,24,51,53,
1889,(24/12/2016),16,23,25,28,30,44,
1888,(22/12/2016),1,10,17,18,45,48,
1887,(20/12/2016),11,23,34,41,46,56,
1886,(17/12/2016),3,7,15,40,45,54,
1885,(14/12/2016),7,14,18,23,32,59,
1884,(10/12/2016),1,4,23,32,38,59,
1883,(07/12/2016),16,27,28,47,59,60,
1882,(03/12/2016),9,10,19,35,37,41,
1881,(30/11/2016),3,10,30,44,53,56,
1880,(26/11/2016),5,16,19,37,51,56,
1879,(23/11/2016),5,10,20,57,58,59,
1878,(19/11/2016),12,16,26,40,56,57,
1877,(16/11/2016),13,16,23,24,32,35,
1876,(12/11/2016),7,18,39,41,44,51,
1875,(10/11/2016),1,45,47,52,53,55,
1874,(08/11/2016),10,28,37,43,44,47,
1873,(05/11/2016),5,25,28,41,53,54,
1872,(03/11/2016),11,13,25,39,46,56,
1871,(29/10/2016),3,11,17,33,52,58,
1870,(26/10/2016),18,20,30,32,33,40,
1869,(22/10/2016),11,23,24,26,40,52,
1868,(20/10/2016),1,5,23,25,28,31,
1867,(18/10/2016),3,10,17,21,22,43,
1866,(15/10/2016),14,17,36,38,44,60,
1865,(13/10/2016),1,5,31,32,37,42,
1864,(08/10/2016),4,5,14,37,40,60,
1863,(05/10/2016),16,23,45,56,58,59,
1862,(01/10/2016),2,8,35,42,49,56,
1861,(28/09/2016),2,4,9,35,45,60,
1860,(24/09/2016),10,30,36,40,44,60,
1859,(22/09/2016),1,13,14,21,26,51,
1858,(20/09/2016),22,28,30,33,55,59,
1857,(17/09/2016),13,23,25,35,52,53,
1856,(14/09/2016),2,9,14,22,32,37,
1855,(10/09/2016),6,10,15,24,38,39,
1854,(08/09/2016),25,30,31,34,43,59,
1853,(03/09/2016),1,2,34,39,41,45,
1852,(31/08/2016),13,17,29,45,49,50,
1851,(27/08/2016),8,18,21,22,35,37,
1850,(24/08/2016),23,24,32,38,40,41,
1849,(20/08/2016),3,5,11,27,35,44,
1848,(17/08/2016),9,40,41,50,55,58,
1847,(13/08/2016),1,6,45,49,50,57,
1846,(11/08/2016),6,24,26,30,34,49,
1845,(09/08/2016),3,9,13,29,30,51,
1844,(06/08/2016),3,4,37,39,48,50,
1843,(03/08/2016),8,26,28,33,41,54,
1942,(24/06/2017),6,18,20,24,43,48,
1941,(21/06/2017),1,9,24,38,48,49,
1940,(17/06/2017),9,13,16,17,36,47,
1939,(14/06/2017),7,24,29,39,45,52,
1938,(10/06/2017),10,16,32,40,42,54,
1937,(07/06/2017),6,10,24,29,43,55,
1936,(03/06/2017),3,12,24,40,51,52,
1935,(31/05/2017),1,3,10,17,23,24,
1934,(27/05/2017),8,23,35,39,56,59,
1933,(24/05/2017),2,14,15,19,35,59,
1932,(20/05/2017),10,16,21,29,44,55,
1931,(17/05/2017),2,8,9,15,22,34,
1930,(13/05/2017),4,17,18,37,52,56,
1929,(11/05/2017),3,10,23,36,43,52,
1928,(09/05/2017),10,26,28,51,53,59,
1927,(06/05/2017),5,11,13,19,30,31,
1926,(03/05/2017),2,3,14,20,30,46,
1925,(29/04/2017),1,17,38,43,45,47,
1924,(26/04/2017),12,16,30,52,53,58,
1923,(22/04/2017),9,34,42,45,46,59,
1922,(19/04/2017),20,22,36,38,41,43,
1921,(15/04/2017),10,15,16,19,28,35,
1920,(12/04/2017),25,31,33,39,43,45,
1919,(08/04/2017),11,28,37,45,54,60,
1918,(05/04/2017),16,17,20,22,38,50,
1917,(01/04/2017),4,21,25,33,36,46,
1916,(29/03/2017),3,9,18,23,50,52,
1915,(25/03/2017),2,20,21,33,48,57,
1914,(22/03/2017),16,29,33,39,42,44,
1913,(18/03/2017),4,14,17,43,52,56,
1912,(15/03/2017),10,13,33,35,36,42,
1911,(11/03/2017),16,18,23,30,32,33,
1910,(08/03/2017),6,9,15,22,39,48,
1909,(04/03/2017),11,40,43,45,47,57,
1908,(01/03/2017),4,10,13,23,27,57,
1907,(25/02/2017),3,25,35,38,44,48,
1906,(23/02/2017),6,27,33,39,40,60,
1905,(21/02/2017),29,35,43,54,56,57,
1904,(18/02/2017),12,15,18,21,51,56,
1903,(15/02/2017),9,10,15,28,43,45,
1902,(11/02/2017),2,7,9,18,21,25,
1901,(08/02/2017),11,12,26,30,37,53,
1900,(04/02/2017),8,11,27,28,43,46,
1899,(01/02/2017),20,23,35,36,44,48,
1898,(28/01/2017),12,34,45,53,55,58,
1897,(25/01/2017),9,22,25,47,52,58,
1896,(21/01/2017),3,6,14,15,21,25,
1895,(18/01/2017),2,3,5,10,15,34,
1894,(14/01/2017),21,31,35,53,54,57,
1893,(11/01/2017),16,17,19,28,45,58,
1892,(07/01/2017),6,17,22,30,37,50,
1891,(04/01/2017),1,3,19,23,47,58,
1890,(31/12/2016),5,11,22,24,51,53,
1889,(24/12/2016),16,23,25,28,30,44,
1888,(22/12/2016),1,10,17,18,45,48,
1887,(20/12/2016),11,23,34,41,46,56,
1886,(17/12/2016),3,7,15,40,45,54,
1885,(14/12/2016),7,14,18,23,32,59,
1884,(10/12/2016),1,4,23,32,38,59,
1883,(07/12/2016),16,27,28,47,59,60,
1882,(03/12/2016),9,10,19,35,37,41,
1881,(30/11/2016),3,10,30,44,53,56,
1880,(26/11/2016),5,16,19,37,51,56,
1879,(23/11/2016),5,10,20,57,58,59,
1878,(19/11/2016),12,16,26,40,56,57,
1877,(16/11/2016),13,16,23,24,32,35,
1876,(12/11/2016),7,18,39,41,44,51,
1875,(10/11/2016),1,45,47,52,53,55,
1874,(08/11/2016),10,28,37,43,44,47,
1873,(05/11/2016),5,25,28,41,53,54,
1872,(03/11/2016),11,13,25,39,46,56,
1871,(29/10/2016),3,11,17,33,52,58,
1870,(26/10/2016),18,20,30,32,33,40,
1869,(22/10/2016),11,23,24,26,40,52,
1868,(20/10/2016),1,5,23,25,28,31,
1867,(18/10/2016),3,10,17,21,22,43,
1866,(15/10/2016),14,17,36,38,44,60,
1865,(13/10/2016),1,5,31,32,37,42,
1864,(08/10/2016),4,5,14,37,40,60,
1863,(05/10/2016),16,23,45,56,58,59,
1862,(01/10/2016),2,8,35,42,49,56,
1861,(28/09/2016),2,4,9,35,45,60,
1860,(24/09/2016),10,30,36,40,44,60,
1859,(22/09/2016),1,13,14,21,26,51,
1858,(20/09/2016),22,28,30,33,55,59,
1857,(17/09/2016),13,23,25,35,52,53,
1856,(14/09/2016),2,9,14,22,32,37,
1855,(10/09/2016),6,10,15,24,38,39,
1854,(08/09/2016),25,30,31,34,43,59,
1853,(03/09/2016),1,2,34,39,41,45,
1852,(31/08/2016),13,17,29,45,49,50,
1851,(27/08/2016),8,18,21,22,35,37,
1850,(24/08/2016),23,24,32,38,40,41,
1849,(20/08/2016),3,5,11,27,35,44,
1848,(17/08/2016),9,40,41,50,55,58,
1847,(13/08/2016),1,6,45,49,50,57,
1846,(11/08/2016),6,24,26,30,34,49,
1845,(09/08/2016),3,9,13,29,30,51,
1844,(06/08/2016),3,4,37,39,48,50,
1843,(03/08/2016),8,26,28,33,41,54,
1842,(30/07/2016),16,18,22,24,34,43,
1841,(27/07/2016),3,6,13,38,49,51,
1840,(23/07/2016),15,17,33,41,47,48,
1839,(20/07/2016),7,22,28,32,56,58,
1838,(16/07/2016),5,8,24,30,57,59,
1837,(14/07/2016),41,44,48,50,54,57,
1836,(12/07/2016),8,15,18,45,59,60,
1835,(09/07/2016),8,28,36,47,50,58,
1834,(06/07/2016),2,17,22,24,48,51,
1833,(02/07/2016),2,3,7,16,27,42,
1832,(29/06/2016),14,34,46,47,56,57,
1831,(25/06/2016),15,27,28,32,48,55,
1830,(22/06/2016),3,7,29,37,54,60,
1829,(18/06/2016),7,13,24,30,32,53,
1828,(15/06/2016),6,11,32,40,48,59,
1827,(11/06/2016),26,33,42,43,53,54,
1826,(09/06/2016),17,19,32,43,48,51,
1825,(07/06/2016),10,11,21,50,51,54,
1824,(04/06/2016),5,6,12,19,30,60,
1823,(01/06/2016),4,9,21,34,54,59,
1822,(28/05/2016),1,22,26,43,50,53,
1821,(25/05/2016),19,22,31,36,52,53,
1820,(21/05/2016),3,19,23,27,40,45,
1819,(18/05/2016),17,18,26,30,33,37,
1818,(14/05/2016),2,6,10,15,53,56,
1817,(11/05/2016),1,4,26,39,47,55,
1816,(07/05/2016),5,10,12,22,28,46,
1815,(05/05/2016),8,11,25,39,41,60,
1814,(03/05/2016),9,11,27,46,51,53,
1813,(30/04/2016),9,11,13,15,19,51,
1812,(27/04/2016),20,23,32,34,37,45,
1811,(23/04/2016),5,17,32,35,37,57,
1810,(20/04/2016),1,10,25,43,50,56,
1809,(16/04/2016),9,12,23,24,46,54,
1808,(13/04/2016),2,14,20,25,41,45,
1807,(09/04/2016),1,15,16,22,25,43,
1806,(06/04/2016),11,20,35,42,55,58,
1805,(02/04/2016),17,22,27,31,49,57,
1804,(30/03/2016),20,21,28,48,50,59,
1803,(26/03/2016),4,8,29,38,49,50,
1802,(23/03/2016),2,6,13,14,17,44,
1801,(19/03/2016),6,19,34,43,45,54,
1800,(16/03/2016),6,11,16,19,31,56,
1799,(12/03/2016),1,3,4,39,51,53,
1798,(10/03/2016),2,9,23,28,45,53,
1797,(08/03/2016),2,13,14,35,54,57,
1796,(05/03/2016),22,23,34,48,53,54,
1795,(02/03/2016),30,42,47,50,55,58,
1794,(27/02/2016),1,5,34,37,40,60,
1793,(24/02/2016),13,14,22,54,56,58,
1792,(20/02/2016),2,16,17,18,41,47,
1791,(17/02/2016),12,18,46,50,53,55,
1790,(13/02/2016),11,13,26,27,28,50,
1789,(10/02/2016),6,25,43,57,58,59,
1788,(06/02/2016),3,13,42,45,56,59,
1787,(04/02/2016),1,5,13,25,26,29,
1786,(02/02/2016),2,6,8,21,25,34,
1785,(30/01/2016),5,11,27,41,42,54,
1784,(27/01/2016),4,15,26,30,54,55,
1783,(23/01/2016),4,6,16,18,21,38,
1782,(20/01/2016),6,18,34,47,52,57,
1781,(16/01/2016),1,8,22,49,52,53,
1780,(14/01/2016),6,20,22,31,33,34,
1779,(12/01/2016),12,25,30,39,56,57,
1778,(09/01/2016),4,10,38,40,45,48,
1777,(06/01/2016),4,19,38,44,52,55,
1776,(02/01/2016),10,11,14,19,39,48,
1775,(31/12/2015),2,18,31,42,51,56,
1774,(26/12/2015),1,12,20,30,52,60,
1773,(24/12/2015),15,30,39,41,45,59,
1772,(22/12/2015),12,19,27,39,41,45,
1771,(19/12/2015),2,20,27,28,32,38,
1770,(16/12/2015),11,26,27,30,34,41,
1769,(12/12/2015),32,37,44,47,54,60,
1768,(09/12/2015),5,7,11,34,35,50,
1767,(05/12/2015),16,26,35,39,44,45,
1766,(02/12/2015),22,23,41,46,53,60,
1765,(28/11/2015),1,6,28,37,56,58,
1764,(25/11/2015),6,7,29,39,41,55,
1763,(21/11/2015),9,12,15,21,31,36,
1762,(18/11/2015),26,32,42,45,55,59,
1761,(14/11/2015),9,10,36,50,53,55,
1760,(13/11/2015),10,24,25,36,47,48,
1759,(10/11/2015),2,14,21,22,51,60,
1758,(07/11/2015),6,11,16,23,36,42,
1757,(04/11/2015),13,25,28,37,43,56,
1756,(31/10/2015),6,13,14,28,35,45,
1755,(28/10/2015),2,5,8,18,30,48,
1754,(24/10/2015),20,27,30,31,40,53,
1753,(21/10/2015),8,15,29,35,45,54,
1752,(17/10/2015),9,36,37,53,55,60,
1751,(15/10/2015),15,22,23,42,51,57,
1750,(13/10/2015),15,17,20,31,41,48,
1749,(10/10/2015),3,13,14,29,33,43,
1748,(07/10/2015),2,10,13,41,49,53,
1747,(03/10/2015),6,33,34,48,53,59,
1746,(30/09/2015),6,18,37,40,41,58,
1745,(26/09/2015),9,13,18,47,52,60,
1744,(23/09/2015),9,12,14,29,42,56,
1743,(19/09/2015),4,10,29,31,34,35,
1742,(16/09/2015),11,19,21,23,27,52,
1741,(12/09/2015),15,18,20,32,48,49,
1740,(09/09/2015),10,15,25,38,47,53,
1739,(05/09/2015),9,10,17,32,34,46,
1738,(02/09/2015),12,28,37,46,48,53,
1737,(29/08/2015),5,8,42,50,51,59,
1736,(26/08/2015),12,13,24,29,32,41,
1735,(22/08/2015),6,16,33,34,45,46,
1734,(19/08/2015),12,17,25,29,41,52,
1733,(15/08/2015),3,5,9,14,41,46,
1732,(12/08/2015),25,34,38,45,53,60,
1731,(08/08/2015),5,18,27,43,49,59,
1730,(06/08/2015),1,10,17,24,42,51,
1729,(04/08/2015),7,14,23,43,44,53,
1728,(01/08/2015),3,8,28,39,42,59,
1727,(29/07/2015),4,6,19,20,40,41,
1726,(25/07/2015),3,10,42,49,54,57,
1725,(22/07/2015),16,18,26,30,31,34,
1724,(18/07/2015),27,33,37,39,58,60,
1723,(15/07/2015),14,27,30,46,52,60,
1722,(11/07/2015),9,23,39,41,49,58,
1721,(09/07/2015),4,12,19,33,36,38,
1720,(07/07/2015),18,23,31,39,49,57,
1719,(04/07/2015),1,22,31,34,44,54,
1718,(01/07/2015),4,30,31,32,47,53,
1717,(27/06/2015),2,9,16,37,44,58,
1716,(24/06/2015),2,25,36,41,42,53,
1715,(20/06/2015),16,20,35,40,53,60,
1714,(17/06/2015),2,8,24,36,51,52,
1713,(13/06/2015),3,10,16,23,27,29,
1712,(10/06/2015),2,12,19,29,50,59,
1711,(06/06/2015),22,26,38,39,45,50,
1710,(03/06/2015),7,21,28,56,58,59,
1709,(30/05/2015),7,19,30,35,42,47,
1708,(27/05/2015),17,29,32,38,45,50,
1707,(23/05/2015),7,16,20,27,36,52,
1706,(20/05/2015),12,31,34,36,48,56,
1705,(16/05/2015),25,27,29,37,50,51,
1704,(13/05/2015),1,7,11,32,51,59,
1703,(09/05/2015),3,23,26,35,39,49,
1702,(07/05/2015),17,19,33,35,39,52,
1701,(05/05/2015),3,9,18,32,40,56,
1700,(02/05/2015),15,18,41,48,50,58,
1699,(29/04/2015),1,6,10,30,33,38,
1698,(25/04/2015),11,13,24,28,44,45,
1697,(22/04/2015),8,23,30,51,53,58,
1696,(18/04/2015),1,12,17,31,37,46,
1695,(15/04/2015),24,36,38,43,44,58,
1694,(11/04/2015),20,29,34,37,45,57,
1693,(08/04/2015),5,15,18,19,21,38,
1692,(04/04/2015),11,13,14,27,44,56,
1691,(01/04/2015),1,10,24,39,45,58,
1690,(28/03/2015),21,24,26,35,45,53,
1689,(25/03/2015),2,5,13,27,41,53,
1688,(21/03/2015),18,23,30,32,42,56,
1687,(18/03/2015),15,24,37,46,49,58,
1686,(14/03/2015),9,14,37,44,46,55,
1685,(11/03/2015),3,18,31,39,46,51,
1684,(07/03/2015),9,12,18,31,39,50,
1683,(04/03/2015),4,12,32,33,34,48,
1682,(28/02/2015),7,13,35,37,39,51,
1681,(25/02/2015),1,6,8,11,33,50,
1680,(21/02/2015),23,37,38,46,47,51,
1679,(18/02/2015),1,2,27,28,46,47,
1678,(14/02/2015),9,11,17,19,35,52,
1677,(11/02/2015),10,15,28,33,51,52,
1676,(07/02/2015),1,2,11,37,48,51,
1675,(04/02/2015),3,18,34,35,36,56,
1674,(31/01/2015),22,30,42,50,58,59,
1673,(28/01/2015),5,10,23,24,35,47,
1672,(24/01/2015),1,3,5,10,20,42,
1671,(21/01/2015),21,27,31,45,55,56,
1670,(17/01/2015),1,17,19,30,33,47,
1669,(14/01/2015),28,29,31,45,48,49,
1668,(10/01/2015),5,40,47,52,55,57,
1667,(07/01/2015),7,12,24,44,51,56,
1666,(03/01/2015),1,2,23,27,45,51,
1665,(31/12/2014),1,5,11,16,20,56,
1664,(24/12/2014),8,21,23,29,36,48,
1663,(20/12/2014),18,20,27,40,49,55,
1662,(17/12/2014),10,14,25,29,33,57,
1661,(13/12/2014),13,16,27,43,48,58,
1660,(10/12/2014),8,17,34,38,42,51,
1659,(06/12/2014),4,10,20,33,37,49,
1658,(03/12/2014),7,11,19,23,40,49,
1657,(29/11/2014),7,10,14,37,45,54,
1656,(26/11/2014),4,6,11,43,54,56,
1655,(22/11/2014),7,24,28,46,53,56,
1654,(19/11/2014),7,16,33,42,50,58,
1653,(14/11/2014),1,21,22,27,32,45,
1652,(12/11/2014),7,24,26,28,44,57,
1651,(08/11/2014),8,27,35,38,41,44,
1650,(05/11/2014),17,23,29,38,57,60,
1649,(01/11/2014),24,33,38,42,44,54,
1648,(29/10/2014),15,16,18,20,22,48,
1647,(25/10/2014),12,17,23,38,53,54,
1646,(22/10/2014),19,23,34,40,41,58,
1645,(18/10/2014),8,18,21,31,37,38,
1644,(15/10/2014),10,13,16,22,34,60,
1643,(11/10/2014),16,19,20,28,37,60,
1642,(08/10/2014),3,23,42,43,47,60,
1641,(04/10/2014),23,29,30,33,46,51,
1640,(01/10/2014),2,6,18,23,31,46,
1639,(27/09/2014),16,29,34,35,49,51,
1638,(24/09/2014),1,2,38,41,42,58,
1637,(20/09/2014),1,5,24,47,55,56,
1636,(17/09/2014),19,26,33,35,51,52,
1635,(13/09/2014),8,23,28,30,32,51,
1634,(10/09/2014),9,10,23,33,44,51,
1633,(06/09/2014),1,2,11,13,36,49,
1632,(03/09/2014),6,18,24,27,56,59,
1631,(30/08/2014),4,29,44,47,48,60,
1630,(27/08/2014),1,7,30,43,44,54,
1629,(23/08/2014),4,20,24,35,47,59,
1628,(20/08/2014),26,29,34,38,50,60,
1627,(16/08/2014),20,26,32,41,45,57,
1626,(13/08/2014),3,5,14,35,43,52,
1625,(09/08/2014),11,22,36,40,45,52,
1624,(07/08/2014),2,27,32,41,47,58,
1623,(05/08/2014),33,43,49,50,56,59,
1622,(02/08/2014),4,5,7,21,45,53,
1621,(30/07/2014),10,22,24,38,39,49,
1620,(26/07/2014),13,23,27,34,38,57,
1619,(23/07/2014),5,8,17,42,46,47,
1618,(19/07/2014),9,20,24,43,51,52,
1617,(16/07/2014),3,23,26,31,47,54,
1616,(12/07/2014),28,31,40,42,46,58,
1615,(09/07/2014),5,20,26,31,33,44,
1614,(05/07/2014),14,17,21,27,43,49,
1613,(02/07/2014),4,18,31,44,46,49,
1612,(28/06/2014),6,13,17,36,42,51,
1611,(25/06/2014),24,28,47,50,51,58,
1610,(21/06/2014),1,4,9,35,36,53,
1609,(18/06/2014),2,6,13,26,53,60,
1608,(14/06/2014),5,6,17,43,54,59,
1607,(11/06/2014),7,31,32,41,51,52,
1606,(07/06/2014),1,15,37,42,46,54,
1605,(04/06/2014),9,19,21,30,31,42,
1604,(31/05/2014),2,21,24,27,40,51,
1603,(28/05/2014),13,20,27,31,53,60,
1602,(24/05/2014),8,12,22,35,40,44,
1601,(21/05/2014),8,10,24,45,56,60,
1600,(17/05/2014),9,23,32,35,46,57,
1599,(14/05/2014),3,10,15,35,36,58,
1598,(10/05/2014),29,31,36,42,47,53,
1597,(07/05/2014),5,10,16,44,50,52,
1596,(03/05/2014),1,5,7,10,12,45,
1595,(30/04/2014),2,5,8,42,46,59,
1594,(26/04/2014),6,7,8,23,43,53,
1593,(23/04/2014),4,9,17,18,21,38,
1592,(19/04/2014),31,36,38,41,42,49,
1591,(16/04/2014),4,10,23,33,38,55,
1590,(12/04/2014),7,20,34,40,44,55,
1589,(09/04/2014),4,5,11,19,41,51,
1588,(05/04/2014),23,29,32,36,45,49,
1587,(02/04/2014),8,19,21,30,52,56,
1586,(29/03/2014),8,39,43,46,47,58,
1585,(26/03/2014),2,43,47,48,49,55,
1584,(22/03/2014),3,22,27,28,50,54,
1583,(19/03/2014),2,9,17,18,45,47,
1582,(15/03/2014),1,4,13,17,38,48,
1581,(12/03/2014),14,15,25,30,31,34,
1580,(08/03/2014),1,6,14,17,33,36,
1579,(05/03/2014),25,34,40,49,51,60,
1578,(01/03/2014),3,6,30,37,53,56,
1577,(26/02/2014),11,14,25,32,51,59,
1576,(22/02/2014),13,15,21,26,30,46,
1575,(19/02/2014),1,4,5,14,45,56,
1574,(15/02/2014),6,27,28,33,46,48,
1573,(12/02/2014),7,16,21,35,36,38,
1572,(08/02/2014),20,27,42,45,46,47,
1571,(05/02/2014),3,29,32,46,55,60,
1570,(01/02/2014),15,18,24,42,46,56,
1569,(29/01/2014),5,15,18,31,42,53,
1568,(25/01/2014),19,24,25,28,42,58,
1567,(22/01/2014),2,15,30,38,48,53,
1566,(18/01/2014),5,6,11,32,36,60,
1565,(15/01/2014),18,37,39,41,43,51,
1564,(11/01/2014),25,38,44,46,53,54,
1563,(09/01/2014),1,6,13,20,36,43,
1562,(04/01/2014),10,12,23,37,47,51,
1561,(02/01/2014),23,26,28,54,55,60,
1560,(31/12/2013),20,30,36,38,47,53,
1559,(21/12/2013),8,12,16,29,37,58,
1558,(19/12/2013),7,15,17,31,42,54,
1557,(17/12/2013),4,16,18,31,45,46,
1556,(14/12/2013),1,4,7,10,11,52,
1555,(11/12/2013),2,5,23,33,52,59,
1554,(07/12/2013),30,32,49,50,52,53,
1553,(04/12/2013),20,21,22,29,46,60,
1552,(30/11/2013),7,18,24,26,39,46,
1551,(27/11/2013),2,15,19,21,23,38,
1550,(23/11/2013),9,13,21,27,36,56,
1549,(20/11/2013),10,12,16,20,32,53,
1548,(16/11/2013),19,41,42,44,47,54,
1547,(13/11/2013),2,9,10,18,21,28,
1546,(09/11/2013),4,17,38,44,53,60,
1545,(06/11/2013),4,6,11,24,45,48,
1544,(01/11/2013),2,21,30,35,45,50,
1543,(30/10/2013),7,15,20,23,30,41,
1542,(26/10/2013),7,11,12,30,39,57,
1541,(23/10/2013),5,24,37,44,49,58,
1540,(19/10/2013),3,17,27,32,47,54,
1539,(16/10/2013),8,10,20,26,49,58,
1538,(11/10/2013),23,27,35,52,53,57,
1537,(09/10/2013),6,10,33,50,51,56,
1842,(30/07/2016),16,18,22,24,34,43,
1841,(27/07/2016),3,6,13,38,49,51,
1840,(23/07/2016),15,17,33,41,47,48,
1839,(20/07/2016),7,22,28,32,56,58,
1838,(16/07/2016),5,8,24,30,57,59,
1837,(14/07/2016),41,44,48,50,54,57,
1836,(12/07/2016),8,15,18,45,59,60,
1835,(09/07/2016),8,28,36,47,50,58,
1834,(06/07/2016),2,17,22,24,48,51,
1833,(02/07/2016),2,3,7,16,27,42,
1832,(29/06/2016),14,34,46,47,56,57,
1831,(25/06/2016),15,27,28,32,48,55,
1830,(22/06/2016),3,7,29,37,54,60,
1829,(18/06/2016),7,13,24,30,32,53,
1828,(15/06/2016),6,11,32,40,48,59,
1827,(11/06/2016),26,33,42,43,53,54,
1826,(09/06/2016),17,19,32,43,48,51,
1825,(07/06/2016),10,11,21,50,51,54,
1824,(04/06/2016),5,6,12,19,30,60,
1823,(01/06/2016),4,9,21,34,54,59,
1822,(28/05/2016),1,22,26,43,50,53,
1821,(25/05/2016),19,22,31,36,52,53,
1820,(21/05/2016),3,19,23,27,40,45,
1819,(18/05/2016),17,18,26,30,33,37,
1818,(14/05/2016),2,6,10,15,53,56,
1817,(11/05/2016),1,4,26,39,47,55,
1816,(07/05/2016),5,10,12,22,28,46,
1815,(05/05/2016),8,11,25,39,41,60,
1814,(03/05/2016),9,11,27,46,51,53,
1813,(30/04/2016),9,11,13,15,19,51,
1812,(27/04/2016),20,23,32,34,37,45,
1811,(23/04/2016),5,17,32,35,37,57,
1810,(20/04/2016),1,10,25,43,50,56,
1809,(16/04/2016),9,12,23,24,46,54,
1808,(13/04/2016),2,14,20,25,41,45,
1807,(09/04/2016),1,15,16,22,25,43,
1806,(06/04/2016),11,20,35,42,55,58,
1805,(02/04/2016),17,22,27,31,49,57,
1804,(30/03/2016),20,21,28,48,50,59,
1803,(26/03/2016),4,8,29,38,49,50,
1802,(23/03/2016),2,6,13,14,17,44,
1801,(19/03/2016),6,19,34,43,45,54,
1800,(16/03/2016),6,11,16,19,31,56,
1799,(12/03/2016),1,3,4,39,51,53,
1798,(10/03/2016),2,9,23,28,45,53,
1797,(08/03/2016),2,13,14,35,54,57,
1796,(05/03/2016),22,23,34,48,53,54,
1795,(02/03/2016),30,42,47,50,55,58,
1794,(27/02/2016),1,5,34,37,40,60,
1793,(24/02/2016),13,14,22,54,56,58,
1792,(20/02/2016),2,16,17,18,41,47,
1791,(17/02/2016),12,18,46,50,53,55,
1790,(13/02/2016),11,13,26,27,28,50,
1789,(10/02/2016),6,25,43,57,58,59,
1788,(06/02/2016),3,13,42,45,56,59,
1787,(04/02/2016),1,5,13,25,26,29,
1786,(02/02/2016),2,6,8,21,25,34,
1785,(30/01/2016),5,11,27,41,42,54,
1784,(27/01/2016),4,15,26,30,54,55,
1783,(23/01/2016),4,6,16,18,21,38,
1782,(20/01/2016),6,18,34,47,52,57,
1781,(16/01/2016),1,8,22,49,52,53,
1780,(14/01/2016),6,20,22,31,33,34,
1779,(12/01/2016),12,25,30,39,56,57,
1778,(09/01/2016),4,10,38,40,45,48,
1777,(06/01/2016),4,19,38,44,52,55,
1776,(02/01/2016),10,11,14,19,39,48,
1775,(31/12/2015),2,18,31,42,51,56,
1774,(26/12/2015),1,12,20,30,52,60,
1773,(24/12/2015),15,30,39,41,45,59,
1772,(22/12/2015),12,19,27,39,41,45,
1771,(19/12/2015),2,20,27,28,32,38,
1770,(16/12/2015),11,26,27,30,34,41,
1769,(12/12/2015),32,37,44,47,54,60,
1768,(09/12/2015),5,7,11,34,35,50,
1767,(05/12/2015),16,26,35,39,44,45,
1766,(02/12/2015),22,23,41,46,53,60,
1765,(28/11/2015),1,6,28,37,56,58,
1764,(25/11/2015),6,7,29,39,41,55,
1763,(21/11/2015),9,12,15,21,31,36,"200.000.000,00."
1762,(18/11/2015),26,32,42,45,55,59,
1761,(14/11/2015),9,10,36,50,53,55,
1760,(13/11/2015),10,24,25,36,47,48,
1759,(10/11/2015),2,14,21,22,51,60,
1758,(07/11/2015),6,11,16,23,36,42,
1757,(04/11/2015),13,25,28,37,43,56,
1756,(31/10/2015),6,13,14,28,35,45,
1755,(28/10/2015),2,5,8,18,30,48,
1754,(4/10/2015),20,27,30,31,40,53,
1753,(21/10/2015),8,15,29,35,45,54,
1752,(17/10/2015),9,36,37,53,55,60,
1751,(15/10/2015),15,22,23,42,51,57,
1750,(13/10/2015),15,17,20,31,41,48,
1749,(10/10/2015),3,13,14,29,33,43,
1748,(07/10/2015),2,10,13,41,49,53,
1747,(03/10/2015),6,33,34,48,53,59,
1746,(30/09/2015),6,18,37,40,41,58,
1745,(26/09/2015),9,13,18,47,52,60,
1744,(23/09/2015),9,12,14,29,42,56,
1743,(19/09/2015),4,10,29,31,34,35,
1742,(16/09/2015),11,19,21,23,27,52,
1741,(12/09/2015),15,18,20,32,48,49,
1740,(09/09/2015),10,15,25,38,47,53,
1739,(05/09/2015),9,10,17,32,34,46,
1738,(02/09/2015),12,28,37,46,48,53,
1737,(29/08/2015),5,8,42,50,51,59,
1736,(26/08/2015),12,13,24,29,32,41,
1735,(22/08/2015),6,16,33,34,45,46,
1734,(19/08/2015),12,17,25,29,41,52,
1733,(15/08/2015),3,5,9,14,41,46,
1732,(12/08/2015),25,34,38,45,53,60,
1731,(08/08/2015),5,18,27,43,49,59,
1730,(06/08/2015),1,10,17,24,42,51,
1729,(04/08/2015),7,14,23,43,44,53,
1728,(01/08/2015),3,8,28,39,42,59,
1727,(29/07/2015),4,6,19,20,40,41,
1726,(25/07/2015),3,10,42,49,54,57,
1725,(22/07/2015),16,18,26,30,31,34,
1724,(18/07/2015),27,33,37,39,58,60,
1723,(15/07/2015),14,27,30,46,52,60,
1722,(11/07/2015),9,23,39,41,49,58,
1721,(09/07/2015),4,12,19,33,36,38,
1720,(07/07/2015),18,23,31,39,49,57,
1719,(04/07/2015),1,22,31,34,44,54,
1718,(01/07/2015),4,30,31,32,47,53,
1717,(27/06/2015),2,9,16,37,44,58,
1716,(24/06/2015),2,25,36,41,42,53,
1715,(20/06/2015),16,20,35,40,53,60,
1714,(17/06/2015),2,8,24,36,51,52,
1713,(13/06/2015),3,10,16,23,27,29,
1712,(10/06/2015),2,12,19,29,50,59,
1711,(06/06/2015),22,26,38,39,45,50,
1710,(03/06/2015),7,21,28,56,58,59,
1709,(30/05/2015),7,19,30,35,42,47,
1708,(27/05/2015),17,29,32,38,45,50,
1707,(23/05/2015),7,16,20,27,36,52,
1706,(20/05/2015),12,31,34,36,48,56,
1705,(16/05/2015),25,27,29,37,50,51,
1704,(13/05/2015),1,7,11,32,51,59,
1703,(09/05/2015),3,23,26,35,39,49,
1702,(07/05/2015),17,19,33,35,39,52,
1701,(05/05/2015),3,9,18,32,40,56,
1700,(02/05/2015),15,18,41,48,50,58,
1699,(29/04/2015),1,6,10,30,33,38,
1698,(25/04/2015),11,13,24,28,44,45,
1697,(22/04/2015),8,23,30,51,53,58,
1696,(18/04/2015),1,12,17,31,37,46,
1695,(15/04/2015),24,36,38,43,44,58,
1694,(11/04/2015),20,29,34,37,45,57,
1693,(08/04/2015),5,15,18,19,21,38,
1692,(04/04/2015),11,13,14,27,44,56,
1691,(01/04/2015),1,10,24,39,45,58,
1690,(28/03/2015),21,24,26,35,45,53,
1689,(25/03/2015),2,5,13,27,41,53,
1688,(21/03/2015),18,23,30,32,42,56,
1687,(18/03/2015),15,24,37,46,49,58,
1686,(14/03/2015),9,14,37,44,46,55  ,
1685,(11/03/2015),3,18,31,39,46,51,
1684,(07/03/2015),9,12,18,31,39,50,
1683,(04/03/2015),4,12,32,33,34,48,
1682,(28/02/2015),7,13,35,37,39,51,
1681,(25/02/2015),1,6,8,11,33,50,
1680,(21/02/2015),23,37,38,46,47,51,
1679,(18/02/2015),1,2,27,28,46,47,
1678,(14/02/2015),9,11,17,19,35,52,
1677,(11/02/2015),10,15,28,33,51,52,
1677,(11/02/2015),10,15,28,33,51,52,
1676,(07/02/2015),1,2,11,37,48,51,
1675,(04/02/2015),3,18,34,35,36,56,
1674, 31/01/2015,22,30,42,50,58,59,
1673, 28/01/2015 05 10 23 24 35 47,5,10,23,24,35,47,
1672, (24/01/2015),1,3,5,10,20,42,
1671,21/01/2015,21,27,31,45,55,56,
1670,17/01/2015,1,17,19,30,33,47,
1669,14/01/2015,28,29,31,45,48,49,
1668,(10/01/2015),5,40,47,52,55,57,
1667,07/01/2015 ,07 ,12 ,24 ,44 ,51 ,56,
1666,03/01/2015 ,01 ,02 ,23 ,27 ,45 ,51,
1665,31/12/2014  ,1,5,11,16,20,56,
1664,24/12/2014,8,21,23,29,36,48,
1663,20/12/2014,18,20,27,40,49,55,
1662,17/12/2014,10,14,25,29,33,57,
1661,13/12/2014,13,16,27,43,48,58,
1660,10/12/2014,8,17,34,38,42,51,
1659 ,6/12/2014, 04,10,20,33,37,49,
1658,3/12/2014,7,11,19,23,40,49,
1657,29/11/2014,7,10,14,37,45,54,
1656,26/11/2014,4,6,11,43,54,56,
1655,22/11/2014,7,24,28,46,53,56,
1654,19/11/2014,7,16,33,42,50,58,
1653,14/11/2014,1,21,22,27,32,45,
1652,12/11/2014,7,24,26,28,44,57,
1651,(08/11/2014),8,27,35,38,41,44,
1650,(05/11/2014),17,23,29,38,57,60,
1649,(01/11/2014),24,33,38,42,44,54,
1648,(29/10/2014),15,16,18,20,22,48,
1647,25/10/2014,12,17,23,38,53,54,
1646,22/10/2014,19,23,34,40,41,58,
1645,18/10/2014,8,18,21,31,37,38,
1644,15/10/2014,10,13,16,22,34,60,
1643,11/10/2014,16,19,20,28,37,60,
1642,8/10/2014,3,23,42,43,47,60,
1641,4/10/2014,23,29,30,33,46,51,
1640,1/10/2014,2,6,18,23,31,46,
1639,27/09/2014,16,29,34,35,49,51,
1638,24/09/2014,1,2,38,41,42,58,
1637,20/09/2014,1,5,24,47,55,56,
1636,17/09/2014,19,26,33,35,51,52,
1635,(13/09/2014),8,23,28,30,32,51,
1634,(10/09/2014),9,10,23,33,44,51,
1633,(06/09/2014),1,2,11,13,36,49,
1632,(03/09/2014),6,18,24,27,56,59,
1631,(30/08/2014),4,29,44,47,48,60,
1630,(27/08/2014),1,7,30,43,44,54,
1629,(23/08/2014),4,20,24,35,47,59,
1628,(20/08/2014),26,29,34,38,50,60,
1627,(16/08/2014),20,26,32,41,45,57,
1626,(13/08/2014),3,5,14,35,43,52,
1625,(09/08/2014),11,22,36,40,45,52,
1624,(07/08/2014),2,27,32,41,47,58,
1623,(05/08/2014),33,43,49,50,56,59,
1622,(02/08/2014),4,5,7,21,45,53,
1621,(30/07/2014),10,22,24,38,39,49,
1620,(26/07/2014),13,23,27,34,38,57,
1619,(23/07/2014),5,8,17,42,46,47,
1618,(19/07/2014),9,20,24,43,51,52,
1617,(16/07/2014),3,23,26,31,47,54,
1616,(12/07/2014),28,31,40,42,46,58,
1615,(09/07/2014),5,20,26,31,33,44,
1614,(05/07/2014),14,17,21,27,43,49,
1613,(02/07/2014),4,18,31,44,46,49,
1612,(28/06/2014),6,13,17,36,42,51,
1611,(25/06/2014),24,28,47,50,51,58,
1610,(21/06/2014),1,4,9,35,36,53,
1609,(18/06/2014),2,6,13,26,53,60,
1608,(14/06/2014),5,6,17,43,54,59,
1607,(11/06/2014),7,31,32,41,51,52,
1606,(07/06/2014),1,15,37,42,46,54,
1605,(04/06/2014),9,19,21,30,31,42,
1604,(31/05/2014),2,21,24,27,40,51,
1603,(28/05/2014),13,20,27,31,53,60,
1602,(24/05/2014),8,12,22,35,40,44,
1601,(21/05/2014),8,10,24,45,56,60,
1600,(17/05/2014),9,23,32,35,46,57,
1599,(14/05/2014),3,10,15,35,36,58,
1598,(10/05/2014),29,31,36,42,47,53,
1597,(07/05/2014),5,10,16,44,50,52,
1596,(03/05/2014),1,5,7,10,12,45,
1595,(30/04/2014),2,5,8,42,46,59,
1594,(26/04/2014),6,7,8,23,43,53,
1593,(23/04/2014),4,9,17,18,21,38,
1592,(19/04/2014),31,36,38,41,42,49,
1591,(16/04/2014),4,10,23,33,38,55,
1590,(12/04/2014),7,20,34,40,44,55,
1589,(09/04/2014),4,5,11,19,41,51,
1588,(05/04/2014),23,29,32,36,45,49,
1587,(02/04/2014),8,19,21,30,52,56,
1586,(29/03/2014),8,39,43,46,47,58,
1585,(26/03/2014),2,43,47,48,49,55,
1584,(22/03/2014),3,22,27,28,50,54,
1583,(19/03/2014),2,9,17,18,45,47,
1582,(15/03/2014),1,4,13,17,38,48,
1581,(12/03/2014),14,15,25,30,31,34,
1580,(08/03/2014),1,6,14,17,33,36,
1579,(05/03/2014),25,34,40,49,51,60,
1578,(01/03/2014),3,6,30,37,53,56,
1577,(26/02/2014),11,14,25,32,51,59,
1576,(22/02/2014),13,15,21,26,30,46,
1575,(19/02/2014),1,4,5,14,45,56,
1574,(15/02/2014),6,27,28,33,46,48,
1573,(12/02/2014),7,16,21,35,36,38,
1572,(08/02/2014),20,27,42,45,46,47,
1571,(05/02/2014),3,29,32,46,55,60,
1570,(01/02/2014),15,18,24,42,46,56,
1569,(29/01/2014),5,15,18,31,42,53,
1568,(25/01/2014),19,24,25,28,42,58,
1567,(22/01/2014),2,15,30,38,48,53,
1566,(18/01/2014),5,6,11,32,36,60,
1565,(15/01/2014),18,37,39,41,43,51,
1564,(11/01/2014),25,38,44,46,53,54,
1563,(09/01/2014),1,6,13,20,36,43,
1562,(04/01/2014),10,12,23,37,47,51,
1561,(02/01/2014),23,26,28,54,55,60,
1560,(31/12/2013),20,30,36,38,47,53 ,
1559,(21/12/2013),8,12,16,29,37,58,
1558,(19/12/2013),7,15,17,31,42,54,
1557,(17/12/2013),4,16,18,31,45,46,
1556,(14/12/2013),1,4,7,10,11,52,
1555,(11/12/2013),2,5,23,33,52,59,
1554,(07/12/2013),30,32,49,50,52,53,
1553,(04/12/2013),20,21,22,29,46,60,
1552,(30/11/2013),7,18,24,26,39,46,
1551,(27/11/2013),2,15,19,21,23,38,
1550,(23/11/2013),9,13,21,27,36,56,
1549,(20/11/2013),10,12,16,20,32,53,
1548,(16/11/2013),19,41,42,44,47,54,
1547,(13/11/2013),2,9,10,18,21,28,
1546,(09/11/2013),4,17,38,44,53,60,
1545,(06/11/2013),4,6,11,24,45,48,
1544,(01/11/2013),2,21,30,35,45,50,
1543,(30/10/2013),7,15,20,23,30,41,
1542,(26/10/2013),7,11,12,30,39,57,
1541,(23/10/2013),5,24,37,44,49,58,
1540,(19/10/2013),3,17,27,32,47,54,
1539,(16/10/2013),8,10,20,26,49,58,
1538,(11/10/2013),23,27,35,52,53,57,
1537,(09/10/2013),6,10,33,50,51,56,
1536,(05/10/2013),13,18,29,32,50,58,
1535,(02/10/2013),8,9,25,41,54,55,
1534,(28/09/2013),1,12,28,29,34,48,
1533,(25/09/2013),13,21,29,34,47,57,
1532,(21/09/2013),2,11,23,31,42,44,
1531,(18/09/2013),12,13,24,41,42,44,
1530,(14/09/2013),10,16,28,33,48,53,
1529,(11/09/2013),11,15,17,34,35,49,
1528,(06/09/2013),4,13,15,19,36,58,
1527,(04/09/2013),16,32,36,42,44,48,
1526,(31/08/2013),10,16,28,47,51,59,
1525,(28/08/2013),2,26,30,35,46,54,
1524,(24/08/2013),2,12,40,46,52,53,
1523,(21/08/2013),22,25,31,39,41,44,
1522,(17/08/2013),5,8,23,32,33,56,
1521,(14/08/2013),11,14,18,30,33,39,
1520,(10/08/2013),7,31,35,36,46,48,
1519,(08/08/2013),5,6,15,23,56,59,
1518,(06/08/2013),8,9,28,41,48,55,
1517,(03/08/2013),7,17,38,45,52,56,
1516,(31/07/2013),4,18,20,34,45,60,
1515,(27/07/2013),4,13,14,18,49,59,
1514,(24/07/2013),16,17,23,42,59,60,
1513,(20/07/2013),17,28,31,56,57,58,
1512,(17/07/2013),11,28,35,42,46,58,
1511,(13/07/2013),4,8,17,29,31,45,
1510,(10/07/2013),1,8,17,44,46,53,
1509,(06/07/2013),1,6,27,46,51,59,
1508,(03/07/2013),17,18,30,35,39,58,
1507,(29/06/2013),24,46,50,51,52,56,
1506,(26/06/2013),3,14,18,34,42,49,
1505,(22/06/2013),1,2,6,9,16,32,
1504,(19/06/2013),2,10,12,30,41,42,
1503,(15/06/2013),3,4,16,22,36,42,
1502,(12/06/2013),6,22,43,51,52,57,
1501,(08/06/2013),1,7,13,29,37,54,
1500,(05/06/2013),10,18,31,43,57,59,
1499,(01/06/2013),8,22,26,33,37,54,
1498,(29/05/2013),6,11,27,40,46,49,
1497,(25/05/2013),4,5,7,27,45,58,
1496,(22/05/2013),14,18,28,41,47,54,
1495,(18/05/2013),4,13,14,44,49,57,
1494,(15/05/2013),2,14,24,28,35,50,
1493,(11/05/2013),7,12,24,27,30,49,
1492,(08/05/2013),4,9,18,44,46,48,
1491,(04/05/2013),6,26,45,50,56,60,
1490,(02/05/2013),1,3,31,32,43,52,
1489,(27/04/2013),1,15,24,26,28,48,
1488,(24/04/2013),4,22,25,38,45,51,
1487,(20/04/2013),4,9,17,23,28,53,
1486,(17/04/2013),1,6,10,34,40,54,
1485,(13/04/2013),4,27,30,36,54,59,
1484,(10/04/2013),17,20,24,29,49,53,
1483,(06/04/2013),1,35,39,53,55,56,
1482,(03/04/2013),6,9,11,34,41,53,
1481,(30/03/2013),17,27,28,40,44,55,
1480,(27/03/2013),9,14,21,26,36,52,
1479,(23/03/2013),21,48,50,54,57,60,
1478,(20/03/2013),10,27,37,40,47,55,
1477,(16/03/2013),3,4,46,50,56,59,
1476,(13/03/2013),4,10,26,37,47,57,
1475,(09/03/2013),12,13,37,44,48,51,
1474,(06/03/2013),1,2,3,11,28,43,
1473,(02/03/2013),2,12,33,57,58,60,
1472,(27/02/2013),12,18,23,25,45,50,
1471,(23/02/2013),10,25,33,36,40,58,
1470,(20/02/2013),2,34,36,38,51,55,
1469,(16/02/2013),4,13,35,54,56,58,
1468,(13/02/2013),1,2,10,19,20,37,
1467,(09/02/2013),23,24,26,41,52,53,
1466,(06/02/2013),4,6,13,34,37,51,
1465,(02/02/2013),6,11,16,26,44,53,
1464,(30/01/2013),2,24,32,50,54,59,
1463,(26/01/2013),13,22,28,29,40,48,
1462,(23/01/2013),5,9,25,27,38,40,
1461,(19/01/2013),31,36,44,47,49,54,
1460,(16/01/2013),4,14,27,38,50,52,
1459,(12/01/2013),2,6,30,34,35,52,
1458,(09/01/2013),2,4,16,33,44,51,
1457,(05/01/2013),15,16,34,42,46,59,
1456,(02/01/2013),6,8,14,26,36,40,
1455,(31/12/2012),14,32,33,36,41,52,
1454,(22/12/2012),4,27,29,41,48,52,
1453,(20/12/2012),6,13,25,32,47,57,
1452,(18/12/2012),2,14,28,50,57,58,
1451,(15/12/2012),2,10,11,33,52,57,
1450,(12/12/2012),26,27,31,38,44,45,
1449,(08/12/2012),2,6,18,30,52,56,
1448,(05/12/2012),1,25,29,36,56,60,
1447,(01/12/2012),1,19,28,33,39,41,
1446,(28/11/2012),6,13,24,32,40,51,
1445,(24/11/2012),5,19,32,41,49,58,
1444,(21/11/2012),2,5,27,28,48,55,
1443,(17/11/2012),12,20,32,48,52,54,
1442,(14/11/2012),12,13,20,30,34,49,
1441,(10/11/2012),17,29,36,38,53,56,
1440,(07/11/2012),2,6,28,36,51,56,
1439,(03/11/2012),2,34,35,42,43,55,
1438,(31/10/2012),7,14,31,33,36,49,
1437,(27/10/2012),22,23,26,37,38,48,
1436,(24/10/2012),1,13,23,24,30,57,
1435,(20/10/2012),4,15,45,47,50,52,
1434,(17/10/2012),3,18,22,34,55,58,
1433,(13/10/2012),4,13,14,40,46,52,
1432,(10/10/2012),16,24,25,42,45,59,
1431,(06/10/2012),5,9,13,33,40,54,
1430,(03/10/2012),2,19,22,30,46,52,
1429,(29/09/2012),9,12,22,39,48,60,
1428,(26/09/2012),7,15,19,34,37,55,
1427,(22/09/2012),8,39,44,47,53,56,
1426,(19/09/2012),6,15,18,24,30,44,
1425,(15/09/2012),7,16,29,36,38,50,
1424,(12/09/2012),3,7,15,29,38,60,
1423,(08/09/2012),3,8,21,25,27,43,
1422,(05/09/2012),2,5,13,17,39,44,
1421,(01/09/2012),19,31,39,44,53,59,
1420,(29/08/2012),2,11,16,18,36,45,
1419,(25/08/2012),17,21,30,48,52,58,
1418,(22/08/2012),7,8,10,12,27,56,
1417,(18/08/2012),5,12,45,52,56,59,
1416,(15/08/2012),3,19,22,24,35,49,
1415,(11/08/2012),26,36,40,46,49,51,
1414,(09/08/2012),21,37,44,46,49,57,
1413,(07/08/2012),13,15,33,45,54,55,
1412,(04/08/2012),6,8,24,37,41,45,
1411,(01/08/2012),8,12,32,44,46,48,
1410,(28/07/2012),18,29,40,42,50,54,
1409,(25/07/2012),6,19,26,47,50,58,
1408,(21/07/2012),4,19,20,24,39,43,
1407,(18/07/2012),18,29,31,42,43,53,
1406,(14/07/2012),7,10,17,24,38,57,
1405,(11/07/2012),3,14,17,32,37,39,
1404,(07/07/2012),7,8,27,31,32,51,
1403,(04/07/2012),13,16,20,26,39,42,
1402,(30/06/2012),2,9,10,21,27,38,
1401,(27/06/2012),11,12,25,33,48,54,
1400,(23/06/2012),9,26,34,43,53,54,
1399,(20/06/2012),34,39,43,56,57,60,
1398,(16/06/2012),14,32,33,40,42,51,
1397,(13/06/2012),3,4,7,15,27,56,
1396,(09/06/2012),29,48,52,54,55,58,
1395,(06/06/2012),5,11,17,19,44,48,
1394,(02/06/2012),11,16,24,35,46,50,
1393,(30/05/2012),4,18,24,28,39,44,
1392,(26/05/2012),2,8,12,28,33,43,
1391,(23/05/2012),7,12,19,34,40,53,
1390,(19/05/2012),4,19,27,28,29,31,
1389,(16/05/2012),1,16,28,39,44,57,
1388,(12/05/2012),22,29,31,43,50,54,
1387,(09/05/2012),18,27,32,43,50,52,
1386,(05/05/2012),12,28,38,39,51,56,
1385,(02/05/2012),27,35,36,37,42,59,
1384,(28/04/2012),2,18,30,31,45,56,
1383,(25/04/2012),7,9,23,44,46,55,
1382,(20/04/2012),5,13,16,17,27,55,
1381,(18/04/2012),11,27,30,40,44,57,
1380,(14/04/2012),3,14,52,55,57,60,
1379,(11/04/2012),5,12,36,45,50,58,
1378,(07/04/2012),2,5,17,18,54,59,
1377,(04/04/2012),2,5,12,13,25,35,
1376,(31/03/2012),9,11,21,49,53,54,
1375,(28/03/2012),14,25,28,45,53,58,
1374,(24/03/2012),6,21,28,31,33,43,
1373,(21/03/2012),7,27,39,52,55,57,
1372,(17/03/2012),3,36,40,46,58,60,
1371,(14/03/2012),3,4,8,11,47,49,
1370,(10/03/2012),2,4,5,27,49,59,
1369,(07/03/2012),5,16,24,32,38,46,
1368,(03/03/2012),10,21,26,29,32,38,
1367,(01/03/2012),2,7,13,29,38,43,
1366,(25/02/2012),12,27,37,44,54,59,
1365,(22/02/2012),2,24,26,32,35,50,
1364,(18/02/2012),10,13,20,40,44,53,
1363,(15/02/2012),25,35,42,45,52,57,
1362,(11/02/2012),2,12,19,22,36,58,
1361,(08/02/2012),23,27,30,37,38,44,
1360,(04/02/2012),2,16,17,25,50,54,
1359,(01/02/2012),6,10,12,17,28,53,
1358,(28/01/2012),3,15,16,35,37,47,
1357,(25/01/2012),1,19,24,26,52,55,
1356,(21/01/2012),6,13,21,22,31,46,
1355,(18/01/2012),11,17,24,39,46,49,
1354,(14/01/2012),2,8,38,42,48,49,
1353,(11/01/2012),3,11,13,27,32,47,
1352,(07/01/2012),9,18,24,35,36,59,
1351,(04/01/2012),13,33,36,41,50,56,
1350,(31/12/2011),3,4,29,36,45,55,
1349,(24/12/2011),9,19,20,50,51,60,
1348,(22/12/2011),7,12,38,39,45,56,
1347,(20/12/2011),9,19,45,46,54,56,
1346,(17/12/2011),12,32,40,47,48,59,
1345,(14/12/2011),7,17,19,26,40,50,
1344,(10/12/2011),8,19,21,36,42,59,
1343,(07/12/2011),19,20,31,42,51,56,
1342,(03/12/2011),5,7,42,46,50,60,
1341,(30/11/2011),1,11,20,37,40,52,
1340,(26/11/2011),13,21,30,36,59,60,
1339,(23/11/2011),7,10,14,16,54,59,
1338,(19/11/2011),1,18,19,33,43,60,
1337,(16/11/2011),2,20,35,38,45,51,
1336,(12/11/2011),1,32,38,47,51,54,
1335,(09/11/2011),3,14,20,22,49,51,
1334,(05/11/2011),1,6,8,10,25,27,
1333,(03/11/2011),25,26,28,33,42,51,
1332,(29/10/2011),3,5,13,24,35,59,
1331,(26/10/2011),9,24,26,39,46,57,
1330,(22/10/2011),8,18,21,30,48,49,
1329,(19/10/2011),7,8,11,39,43,50,
1328,(15/10/2011),10,23,27,43,53,59,
1327,(13/10/2011),16,35,36,41,52,54,
1326,(08/10/2011),10,11,18,19,30,50,
1325,(05/10/2011),2,5,16,20,35,43,
1324,(01/10/2011),18,29,31,44,51,57,
1323,(28/09/2011),6,15,25,37,48,55,
1322,(24/09/2011),10,21,43,47,53,55,
1321,(21/09/2011),10,47,51,53,59,60,
1320,(17/09/2011),17,24,25,38,41,55,
1319,(14/09/2011),4,5,16,18,27,51,
1318,(10/09/2011),11,14,16,28,34,46,
1317,(08/09/2011),6,13,29,30,35,37,
1316,(03/09/2011),8,13,25,34,42,48,
1315,(31/08/2011),1,27,29,38,50,52,
1314,(27/08/2011),38,42,44,52,58,60,
1313,(24/08/2011),1,4,26,39,43,49,
1312,(20/08/2011),5,20,22,28,29,30,
1311,(17/08/2011),7,9,12,19,45,54,
1310,(13/08/2011),8,9,14,32,53,59,
1309,(11/08/2011),7,12,25,26,32,39,
1308,(09/08/2011),7,8,24,30,33,47,
1307,(06/08/2011),7,10,32,43,47,54,
1306,(03/08/2011),6,19,22,34,43,45,
1305,(30/07/2011),3,5,11,36,44,46,
1304,(27/07/2011),7,14,15,20,23,35,
1303,(23/07/2011),8,19,46,51,52,54,
1302,(20/07/2011),2,10,15,44,56,57,
1301,(16/07/2011),3,16,23,25,51,56,
1300,(13/07/2011),43,44,46,53,54,59,
1299,(09/07/2011),8,22,32,43,53,56,
1298,(06/07/2011),14,15,30,53,55,60,
1297,(02/07/2011),2,5,11,13,56,59,
1296,(29/06/2011),10,14,43,46,49,53,
1295,(25/06/2011),2,5,15,20,43,57,
1294,(22/06/2011),4,6,29,48,50,51,
1293,(18/06/2011),1,13,24,40,44,50,
1292,(15/06/2011),9,11,23,30,31,54,
1291,(11/06/2011),18,40,47,54,57,58,
1290,(08/06/2011),2,3,14,23,34,50,
1289,(04/06/2011),1,3,8,13,27,52,
1288,(01/06/2011),17,30,32,40,42,56,
1287,(28/05/2011),11,12,31,33,42,52,
1286,(25/05/2011),2,5,28,33,51,52,
1285,(21/05/2011),10,15,28,31,33,38,
1284,(18/05/2011),20,21,26,29,31,36,
1283,(14/05/2011),8,30,40,44,59,60,
1282,(11/05/2011),4,23,39,52,55,56,
1281,(07/05/2011),8,11,14,30,36,38,
1280,(04/05/2011),6,10,16,20,29,54,
1279,(30/04/2011),8,14,29,35,36,40,
1278,(27/04/2011),4,16,24,25,30,56,
1277,(23/04/2011),12,18,31,50,59,60,
1276,(20/04/2011),5,9,11,22,36,40,
1275,(16/04/2011),2,14,48,55,58,60,
1274,(13/04/2011),13,17,21,39,40,59,
1273,(09/04/2011),13,19,26,40,58,60,
1272,(06/04/2011),13,26,27,28,35,52,
1271,(02/04/2011),1,2,39,48,52,59,
1270,(30/03/2011),5,9,24,31,33,42,
1269,(26/03/2011),4,5,15,17,27,51,
1268,(23/03/2011),3,16,17,44,53,60,
1267,(19/03/2011),4,20,30,41,47,58,
1266,(16/03/2011),6,10,33,39,42,60,
1265,(12/03/2011),13,19,24,46,50,60,
1264,(09/03/2011),4,17,36,37,51,56,
1263,(05/03/2011),4,18,26,36,41,53,
1262,(02/03/2011),5,7,8,9,11,39,
1261,(26/02/2011),10,14,22,41,42,53,
1260,(23/02/2011),19,23,29,31,41,53,
1259,(19/02/2011),4,6,39,46,54,58,
1258,(16/02/2011),11,26,47,55,57,59,
1257,(12/02/2011),2,15,26,27,30,52,
1256,(09/02/2011),26,33,35,38,43,53,
1255,(05/02/2011),5,23,38,39,51,54,
1254,(02/02/2011),7,9,14,18,29,39,
1253,(29/01/2011),2,17,23,43,44,51,
1252,(26/01/2011),2,14,35,39,49,51,
1251,(22/01/2011),5,27,34,46,48,52,
1250,(19/01/2011),1,2,24,40,51,59,
1249,(15/01/2011),3,8,36,40,51,53,
1248,(12/01/2011),20,33,34,57,58,60,
1247,(08/01/2011),3,9,11,24,36,51,
1246,(05/01/2011),10,37,40,43,57,59,
1245,(31/12/2010),2,10,34,37,43,50,
1244,(24/12/2010),2,8,15,25,34,45,
1243,(22/12/2010),9,19,23,29,32,57,
1242,(20/12/2010),11,34,45,48,51,54,
1241,(18/12/2010),10,13,25,26,28,45,
1240,(15/12/2010),8,9,12,22,42,49,
1239,(11/12/2010),1,15,37,39,48,52,
1238,(08/12/2010),13,14,24,39,40,45,
1237,(04/12/2010),5,18,21,26,39,59,
1236,(01/12/2010),3,8,17,20,38,53,
1235,(27/11/2010),10,16,20,26,49,55,
1234,(24/11/2010),3,5,19,24,30,35,
1233,(20/11/2010),22,29,32,49,54,59,
1232,(17/11/2010),8,11,12,15,18,22,
1231,(13/11/2010),5,20,23,27,39,49,
1230,(10/11/2010),9,12,19,22,35,37,
1229,(06/11/2010),12,30,32,40,49,60,
1228,(03/11/2010),10,23,36,50,52,60,
1227,(30/10/2010),4,28,30,31,35,54,
1226,(27/10/2010),10,31,40,50,55,56,
1225,(23/10/2010),31,32,34,40,50,55,
1224,(20/10/2010),19,21,27,41,53,57,
1223,(16/10/2010),15,17,35,42,47,48,
1222,(13/10/2010),5,8,19,26,48,57,
1221,(09/10/2010),5,14,37,43,46,58,
1220,(06/10/2010),5,15,43,48,52,55,
1219,(02/10/2010),2,33,34,37,41,53,
1218,(29/09/2010),10,23,29,31,33,46,
1217,(25/09/2010),5,11,15,28,43,50,
1216,(22/09/2010),4,7,13,25,27,58,
1215,(18/09/2010),10,25,30,47,50,51,
1214,(15/09/2010),5,29,30,36,41,48,
1213,(11/09/2010),3,11,26,34,45,53,
1212,(08/09/2010),2,23,33,35,40,50,
1211,(04/09/2010),3,15,31,36,48,54,
1210,(01/09/2010),3,7,9,10,31,34,
1209,(28/08/2010),5,14,17,30,35,38,
1208,(25/08/2010),1,12,20,26,45,54,
1207,(21/08/2010),9,11,22,32,35,56,
1206,(18/08/2010),2,6,11,36,37,48,
1205,(14/08/2010),4,13,14,26,29,35,
1204,(11/08/2010),5,10,25,39,43,52,
1203,(07/08/2010),7,9,30,33,38,55,
1202,(04/08/2010),8,9,11,48,53,60,
1201,(31/07/2010),28,32,36,49,55,60,
1200,(28/07/2010),3,10,11,39,54,56,
1199,(24/07/2010),16,19,23,28,39,58,
1198,(21/07/2010),22,29,36,41,48,58,
1197,(17/07/2010),36,37,39,49,54,60,
1196,(14/07/2010),3,6,19,20,58,60,
1195,(10/07/2010),17,20,26,27,55,57,
1194,(07/07/2010),6,13,24,41,50,53,
1193,(03/07/2010),2,9,12,14,32,54,
1192,(30/06/2010),17,20,49,52,57,59,
1191,(26/06/2010),3,11,16,22,25,33,
1190,(23/06/2010),10,11,19,37,53,56,
1189,(19/06/2010),14,21,27,31,35,50,
1188,(16/06/2010),9,20,44,52,59,60,
1187,(12/06/2010),8,17,19,40,43,49,
1186,(09/06/2010),7,8,12,13,15,41,
1185,(05/06/2010),2,10,21,35,43,54,
1184,(02/06/2010),4,9,23,27,28,30,
1183,(29/05/2010),5,10,12,20,29,37,
1182,(26/05/2010),2,4,29,52,56,60,
1181,(22/05/2010),18,20,26,31,44,45,
1180,(19/05/2010),12,30,34,44,57,60,
1179,(15/05/2010),5,22,28,47,59,60,
1178,(12/05/2010),1,22,30,45,50,53,
1177,(08/05/2010),33,38,47,50,52,55,
1176,(05/05/2010),11,14,21,30,33,49,
1175,(30/04/2010),2,3,12,16,37,47,
1174,(28/04/2010),6,7,39,47,51,52,
1173,(24/04/2010),5,7,24,25,36,47,
1172,(20/04/2010),6,12,28,43,52,56,
1171,(17/04/2010),3,10,13,30,41,57,
1170,(14/04/2010),11,13,27,34,46,49,
1169,(10/04/2010),1,11,14,23,42,48,
1168,(07/04/2010),4,5,20,47,53,56,
1167,(03/04/2010),20,28,43,51,52,56,
1166,(31/03/2010),22,28,30,31,35,54,
1165,(27/03/2010),20,40,42,52,54,60,
1164,(24/03/2010),6,14,17,26,40,49,
1163,(20/03/2010),5,17,31,47,51,53,
1162,(17/03/2010),18,22,25,30,31,41,
1161,(13/03/2010),4,7,42,47,48,51,
1160,(10/03/2010),1,3,5,18,40,48,
1159,(06/03/2010),5,6,34,46,53,55,
1158,(03/03/2010),23,30,31,54,55,60,
1157,(27/02/2010),9,29,41,43,46,49,
1156,(24/02/2010),9,24,31,44,48,49,
1155,(20/02/2010),20,28,40,41,51,58,
1154,(17/02/2010),4,12,14,21,26,28,
1153,(13/02/2010),6,17,19,34,46,55,
1152,(10/02/2010),14,20,29,36,44,47,
1151,(06/02/2010),1,4,14,21,25,51,
1150,(03/02/2010),15,17,28,31,35,52,
1149,(30/01/2010),7,8,23,36,46,54,
1148,(27/01/2010),27,28,29,32,48,55,
1147,(23/01/2010),6,23,31,33,39,52,
1146,(20/01/2010),6,10,28,33,34,53,
1145,(16/01/2010),3,16,19,24,33,60,
1144,(13/01/2010),1,10,18,19,44,49,
1143,(09/01/2010),3,30,35,44,47,60,
1142,(06/01/2010),3,15,26,28,31,58,
1141,(02/01/2010),9,37,40,50,58,60,
1140,(31/12/2009),10,27,40,46,49,58,
1139,(26/12/2009),9,28,31,36,37,42,
1138,(24/12/2009),2,4,15,18,25,36,
1137,(22/12/2009),19,21,25,28,43,50,
1136,(19/12/2009),7,31,32,34,37,43,
1135,(16/12/2009),4,5,6,19,23,39,
1134,(12/12/2009),9,22,29,36,51,56,
1133,(09/12/2009),5,10,16,21,39,58,
1132,(05/12/2009),12,27,30,33,52,55,
1131,(02/12/2009),1,8,16,34,36,49,
1130,(28/11/2009),5,18,23,32,49,54,
1129,(25/11/2009),12,17,19,32,47,55,
1128,(21/11/2009),8,16,24,39,52,60,
1127,(18/11/2009),5,8,14,24,29,30,
1126,(14/11/2009),4,31,42,52,57,59,
1125,(11/11/2009),3,7,29,33,42,56,
1124,(07/11/2009),7,11,16,18,33,49,
1123,(04/11/2009),4,14,19,39,45,60,
1122,(31/10/2009),26,44,46,49,55,56,
1121,(28/10/2009),4,17,18,54,56,59,
1120,(24/10/2009),7,35,40,44,50,55,
1119,(21/10/2009),10,34,41,44,45,54,
1118,(17/10/2009),8,20,21,43,44,55,
1117,(14/10/2009),1,6,17,27,35,40,
1116,(10/10/2009),4,9,13,17,20,47,
1115,(07/10/2009),18,30,37,41,44,50,
1114,(03/10/2009),3,15,16,22,25,54,
1113,(30/09/2009),3,6,29,36,47,59,
1112,(26/09/2009),4,32,34,43,52,58,
1111,(23/09/2009),4,9,25,32,33,43,
1110,(19/09/2009),6,14,26,28,42,45,
1109,(16/09/2009),6,8,11,14,29,52,
1108,(12/09/2009),7,9,39,43,44,60,
1107,(09/09/2009),3,9,20,36,53,54,
1106,(05/09/2009),4,15,43,47,50,60,
1105,(02/09/2009),1,15,28,43,50,57,
1104,(29/08/2009),2,3,6,35,49,58,
1103,(26/08/2009),10,19,28,41,55,56,
1102,(22/08/2009),9,11,23,35,46,51,
1101,(19/08/2009),6,7,10,12,24,57,
1100,(15/08/2009),7,17,18,33,41,42,
1099,(12/08/2009),14,31,35,38,44,55,
1098,(08/08/2009),11,20,21,30,50,52,
1097,(05/08/2009),1,17,21,33,48,56,
1096,(01/08/2009),3,13,14,16,41,52,
1095,(29/07/2009),10,16,21,23,27,36,
1094,(25/07/2009),9,10,21,36,41,48,
1093,(22/07/2009),19,23,27,38,41,49,
1092,(18/07/2009),1,9,30,33,34,40,
1091,(15/07/2009),17,23,24,27,49,56,
1090,(11/07/2009),9,20,24,36,40,42,
1089,(08/07/2009),2,18,20,32,37,48,
1088,(04/07/2009),6,24,31,35,42,57,
1087,(01/07/2009),3,20,28,32,36,46,
1086,(27/06/2009),2,4,6,10,23,45,
1085,(24/06/2009),12,21,39,40,50,55,
1084,(20/06/2009),5,20,29,33,40,59,
1083,(17/06/2009),10,20,23,28,42,43,
1082,(13/06/2009),4,17,38,40,50,55,
1081,(10/06/2009),9,16,24,29,52,56,
1080,(06/06/2009),11,18,20,34,41,56,
1079,(03/06/2009),5,12,24,28,36,37,
1078,(30/05/2009),3,6,34,41,43,45,
1077,(27/05/2009),5,6,9,11,18,37,
1076,(23/05/2009),4,10,19,32,33,42,
1075,(20/05/2009),10,12,16,21,39,53,
1074,(16/05/2009),3,10,23,29,47,50,
1073,(13/05/2009),8,25,32,34,36,44,
1072,(09/05/2009),9,18,19,43,47,54,
1071,(06/05/2009),5,7,37,43,53,54,
1070,(02/05/2009),5,8,16,23,41,53,
1069,(29/04/2009),9,17,28,45,49,53,
1068,(25/04/2009),25,27,44,47,48,57,
1067,(22/04/2009),4,10,14,25,28,56,
1066,(18/04/2009),6,10,25,32,43,49,
1065,(15/04/2009),7,19,30,39,43,57,
1064,(11/04/2009),4,16,19,28,29,49,
1063,(08/04/2009),1,22,44,47,49,50,
1062,(04/04/2009),2,8,23,33,37,55,
1061,(01/04/2009),9,21,23,30,41,56,
1060,(28/03/2009),1,3,16,18,41,42,
1059,(25/03/2009),1,12,14,16,37,45,
1058,(21/03/2009),18,20,24,45,51,57,
1057,(18/03/2009),2,3,4,15,49,59,
1056,(14/03/2009),6,8,38,50,53,59,
1055,(11/03/2009),12,15,16,20,27,32,
1054,(07/03/2009),13,14,18,27,41,60,
1053,(04/03/2009),15,27,34,42,49,53,
1052,(28/02/2009),8,11,15,16,52,57,
1051,(25/02/2009),7,10,11,13,43,57,
1050,(21/02/2009),14,24,26,33,45,60,
1049,(18/02/2009),2,5,17,29,34,52,
1048,(14/02/2009),3,16,21,28,38,57,
1047,(11/02/2009),1,2,8,10,14,48,
1046,(07/02/2009),28,40,42,54,55,57,
1045,(04/02/2009),1,5,6,17,31,50,
1044,(31/01/2009),10,11,13,35,39,58,
1043,(28/01/2009),14,21,25,48,51,60,
1042,(24/01/2009),13,18,25,30,46,51,
1041,(21/01/2009),10,12,36,44,54,57,
1040,(17/01/2009),1,6,28,39,44,55,
1039,(14/01/2009),2,20,24,27,36,52,
1038,(10/01/2009),6,7,28,35,43,51,
1037,(07/01/2009),4,36,44,46,53,56,
1036,(03/01/2009),10,27,36,39,41,52,
1035,(31/12/2008),1,11,26,51,59,60,
1034,(27/12/2008),1,3,18,20,42,49,
1033,(24/12/2008),5,6,17,33,39,54,
1032,(20/12/2008),15,16,26,29,43,57,
1031,(17/12/2008),24,33,40,43,46,49,
1030,(13/12/2008),1,8,23,37,54,57,
1029,(10/12/2008),5,16,17,20,24,32,
1028,(06/12/2008),20,26,34,51,52,54,
1027,(03/12/2008),18,20,33,44,47,60,
1026,(29/11/2008),6,10,17,33,51,53,
1025,(26/11/2008),10,27,28,29,40,52,
1024,(22/11/2008),18,22,28,29,39,53,
1023,(19/11/2008),2,7,8,18,40,45,
1022,(16/11/2008),5,21,31,39,40,56,
1021,(12/11/2008),2,33,42,43,51,55,
1020,(08/11/2008),1,2,19,32,39,52,
1019,(05/11/2008),4,13,23,29,46,47,
1018,(01/11/2008),9,24,44,51,55,58,
1017,(29/10/2008),6,19,31,34,51,56,
1016,(25/10/2008),5,9,11,20,25,60,
1015,(22/10/2008),3,8,17,26,28,49,
1014,(18/10/2008),8,9,25,41,57,60,
1013,(15/10/2008),7,9,12,19,20,41,
1012,(11/10/2008),14,19,40,47,55,58,
1011,(08/10/2008),2,11,21,30,35,52,
1010,(04/10/2008),2,3,13,37,46,54,
1009,(01/10/2008),1,6,12,29,34,58,
1008,(27/09/2008),7,13,15,34,42,48,
1007,(24/09/2008),4,27,36,37,49,52,
1006,(20/09/2008),2,4,17,33,48,55,
1005,(17/09/2008),4,6,12,37,41,42,
1004,(13/09/2008),29,40,43,44,45,47,
1003,(10/09/2008),5,10,16,23,26,27,
1002,(06/09/2008),3,7,25,31,40,58,
1001,(03/09/2008),12,15,27,37,51,60,
1000,(30/08/2008),29,38,39,49,53,58,
999,(27/08/2008),18,24,36,44,55,58,
998,(23/08/2008),3,4,21,22,28,32,
997,(20/08/2008),9,17,18,32,53,55,
996,(16/08/2008),7,15,20,21,23,29,
995,(13/08/2008),4,16,31,36,54,55,
994,(09/08/2008),3,20,29,40,44,58,
993,(06/08/2008),5,24,25,26,42,60,
992,(02/08/2008),1,4,6,8,25,28,
991,(30/07/2008),8,9,15,38,41,60,
990,(26/07/2008),2,10,15,18,29,39,
989,(23/07/2008),2,21,27,29,32,38,
988,(19/07/2008),8,17,46,48,56,60,
987,(16/07/2008),13,27,31,34,47,58,
986,(12/07/2008),6,15,19,24,31,32,
985,(09/07/2008),4,16,18,46,56,59,
984,(05/07/2008),4,10,20,43,46,47,
983,(02/07/2008),16,22,32,38,40,45,
982,(28/06/2008),8,12,24,40,43,49,
981,(25/06/2008),1,8,34,41,53,58,
980,(21/06/2008),15,17,29,35,36,59,
979,(18/06/2008),3,15,28,31,39,51,
978,(14/06/2008),12,16,18,27,42,58,
977,(11/06/2008),3,5,7,9,17,32,
976,(07/06/2008),14,23,25,28,38,53,
975,(04/06/2008),9,30,33,37,40,41,
974,(31/05/2008),12,16,20,31,38,45,
973,(28/05/2008),1,8,30,36,47,53,
972,(24/05/2008),15,18,31,33,34,56,
971,(21/05/2008),4,11,14,33,44,45,
970,(17/05/2008),5,21,28,34,54,57,
969,(14/05/2008),13,25,35,41,50,56,
968,(10/05/2008),1,4,13,30,51,60,
967,(07/05/2008),5,13,14,18,30,57,
966,(03/05/2008),1,4,26,28,41,58,
965,(30/04/2008),5,30,36,39,57,58,
964,(26/04/2008),8,13,20,26,33,42,
963,(23/04/2008),15,17,37,48,50,59,
962,(19/04/2008),2,11,40,48,49,55,
961,(16/04/2008),2,4,16,21,36,53,
960,(12/04/2008),6,18,19,33,34,53,
959,(09/04/2008),3,5,11,33,39,57,
958,(05/04/2008),7,13,22,33,48,51,
957,(02/04/2008),24,25,32,34,50,57,
956,(29/03/2008),46,47,51,54,57,59,
955,(26/03/2008),5,12,21,32,33,35,
954,(22/03/2008),5,8,18,24,33,57,
953,(19/03/2008),1,16,39,42,48,55,
952,(15/03/2008),2,11,18,27,30,54,
951,(12/03/2008),14,24,34,39,49,55,
950,(08/03/2008),23,41,42,48,49,59,
949,(05/03/2008),1,23,41,44,51,52,
948,(01/03/2008),22,41,44,46,52,54,
947,(27/02/2008),3,5,11,14,33,58,
946,(23/02/2008),1,5,12,47,52,59,
945,(20/02/2008),4,8,27,44,54,59,
944,(16/02/2008),16,37,43,52,58,59,
943,(13/02/2008),3,12,23,41,47,58,
942,(09/02/2008),5,8,18,42,52,59,
941,(06/02/2008),10,11,15,27,53,60,
940,(02/02/2008),5,25,31,33,37,51,
939,(30/01/2008),6,19,23,37,49,50,
938,(26/01/2008),15,27,35,50,57,59,
937,(23/01/2008),2,21,22,30,41,52,
936,(19/01/2008),5,14,22,29,33,44,
935,(16/01/2008),7,13,18,29,31,45,
934,(12/01/2008),1,3,21,25,44,48,
933,(09/01/2008),8,14,25,39,45,51,
932,(05/01/2008),2,17,21,36,42,53,
931,(31/12/2007),7,17,19,34,36,39,
930,(22/12/2007),20,28,37,46,49,55,
929,(19/12/2007),16,27,35,39,49,57,
928,(15/12/2007),4,10,32,33,49,60,
927,(12/12/2007),19,23,26,31,33,36,
926,(08/12/2007),21,33,34,40,41,59,
925,(05/12/2007),8,22,36,37,46,52,
924,(01/12/2007),2,20,21,27,51,60,
923,(28/11/2007),2,15,39,50,53,57,
922,(24/11/2007),12,13,19,41,45,49,
921,(21/11/2007),1,9,35,41,48,57,
920,(17/11/2007),5,17,24,52,55,57,
919,(14/11/2007),3,25,31,41,43,60,
918,(10/11/2007),4,8,12,38,44,52,
917,(07/11/2007),23,25,30,46,47,59,
916,(03/11/2007),5,28,33,36,37,38,
915,(31/10/2007),17,20,26,28,48,49,
914,(27/10/2007),9,12,23,33,45,51,
913,(24/10/2007),14,30,36,38,46,59,
912,(20/10/2007),4,19,21,26,29,54,
911,(17/10/2007),1,6,28,29,46,49,
910,(13/10/2007),3,15,27,29,36,53,
909,(10/10/2007),17,22,26,28,38,42,
908,(06/10/2007),1,9,19,25,50,52,
907,(03/10/2007),9,36,37,41,51,53,
906,(29/09/2007),7,14,24,29,35,39,
905,(26/09/2007),2,4,15,16,55,57,
904,(22/09/2007),32,44,48,51,53,59,
903,(19/09/2007),5,17,20,32,41,55,
902,(15/09/2007),18,23,50,52,55,58,
901,(12/09/2007),13,16,32,33,34,56,
900,(08/09/2007),4,18,21,34,38,59,
899,(05/09/2007),18,20,36,53,54,58,
898,(01/09/2007),3,4,8,30,45,54,
897,(29/08/2007),7,21,22,43,46,57,
896,(25/08/2007),5,11,22,31,35,41,
895,(22/08/2007),2,41,43,55,57,58,
894,(18/08/2007),20,24,28,37,41,44,
893,(15/08/2007),3,18,26,51,53,56,
892,(11/08/2007),1,19,42,44,49,52,
891,(08/08/2007),15,16,19,22,34,35,
890,(04/08/2007),7,9,17,21,22,54,
889,(01/08/2007),20,24,34,39,54,60,
888,(28/07/2007),24,40,50,52,54,60,
887,(25/07/2007),1,12,21,32,34,44,
886,(21/07/2007),17,33,37,50,55,59,
885,(18/07/2007),4,13,31,33,47,51,
884,(14/07/2007),2,11,12,14,22,39,
883,(11/07/2007),21,32,37,52,53,60,
882,(07/07/2007),17,41,42,44,45,60,
881,(04/07/2007),4,18,24,43,51,56,
880,(30/06/2007),25,30,37,46,49,51,
879,(27/06/2007),10,28,29,35,42,46,
878,(23/06/2007),11,12,37,38,43,54,
877,(20/06/2007),13,15,20,28,31,36,
876,(16/06/2007),4,8,12,41,45,60,
875,(13/06/2007),18,20,24,36,53,58,
874,(09/06/2007),10,20,42,44,52,59,
873,(06/06/2007),4,19,30,34,57,59,
872,(02/06/2007),5,18,31,43,55,58,
871,(30/05/2007),1,5,10,17,47,58,
870,(26/05/2007),8,21,34,40,43,52,
869,(23/05/2007),27,29,42,49,50,51,
868,(19/05/2007),21,22,25,40,51,57,
867,(16/05/2007),10,19,26,28,44,54,
866,(12/05/2007),5,27,36,40,46,48,
865,(09/05/2007),23,26,27,41,51,53,
864,(05/05/2007),8,11,31,33,42,57,
863,(02/05/2007),15,24,32,50,53,57,
862,(28/04/2007),2,8,11,12,19,35,
861,(25/04/2007),39,40,42,47,59,60,
860,(23/04/2007),2,8,17,22,42,44,
859,(18/04/2007),9,12,34,46,47,57,
858,(14/04/2007),4,18,23,31,37,54,
857,(11/04/2007),2,3,17,49,50,59,
856,(07/04/2007),11,15,40,41,42,47,
855,(04/04/2007),3,24,31,42,43,53,
854,(31/03/2007),3,17,24,25,27,44,
853,(28/03/2007),30,38,46,51,56,59,
852,(24/03/2007),6,14,23,34,38,44,
851,(21/03/2007),3,16,19,32,35,58,
850,(17/03/2007),7,22,25,44,59,60,
849,(14/03/2007),8,9,39,44,49,58,
848,(10/03/2007),17,27,32,34,47,56,
847,(07/03/2007),14,15,27,42,44,48,
846,(03/03/2007),2,3,44,47,50,54,
845,(28/02/2007),14,19,20,40,48,52,
844,(24/02/2007),16,24,34,44,54,57,
843,(17/02/2007),1,16,34,36,45,48,
842,(14/02/2007),7,9,30,44,51,60,
841,(10/02/2007),7,22,32,36,38,51,
840,(07/02/2007),17,29,31,35,43,59,
839,(03/02/2007),7,8,11,18,37,43,
838,(31/01/2007),9,23,30,38,44,47,
837,(27/01/2007),5,6,16,24,34,60,
836,(24/01/2007),17,22,28,38,52,59,
835,(20/01/2007),18,31,33,49,57,58,
834,(17/01/2007),10,16,17,34,44,51,
833,(13/01/2007),13,16,46,53,57,58,
832,(10/01/2007),15,17,23,33,39,49,
831,(06/01/2007),3,32,33,42,48,50,
830,(03/01/2007),2,13,41,49,51,53,
829,(31/12/2006),10,14,32,47,50,56,
828,(23/12/2006),23,28,38,42,50,53,
827,(21/12/2006),18,24,30,42,51,56,
826,(19/12/2006),6,7,8,27,45,53,
825,(16/12/2006),10,21,28,40,41,47,
824,(13/12/2006),6,7,9,20,33,48,
823,(09/12/2006),1,15,26,51,54,59,
822,(06/12/2006),4,10,17,27,41,52,
821,(02/12/2006),4,29,33,36,38,42,
820,(29/11/2006),10,17,21,32,45,46,
819,(25/11/2006),5,19,25,46,51,58,
818,(22/11/2006),8,9,22,25,41,44,
817,(18/11/2006),10,29,30,34,43,52,
816,(16/11/2006),20,21,30,40,47,52,
815,(11/11/2006),9,19,37,39,50,57,
814,(08/11/2006),2,8,11,41,46,50,
813,(04/11/2006),9,15,23,45,46,56,
812,(01/11/2006),11,13,38,39,54,57,
811,(28/10/2006),10,28,32,41,47,57,
810,(25/10/2006),1,4,5,33,37,48,
809,(21/10/2006),5,11,15,23,25,30,
808,(18/10/2006),2,15,21,31,46,57,
807,(14/10/2006),2,8,27,32,49,56,
806,(12/10/2006),18,26,35,41,47,60,
805,(07/10/2006),2,30,36,43,48,60,
804,(04/10/2006),3,13,37,47,56,59,
803,(30/09/2006),3,5,10,21,28,57,
802,(27/09/2006),6,14,18,24,48,60,
801,(23/09/2006),11,19,20,22,42,48,
800,(20/09/2006),1,7,11,37,38,56,
799,(16/09/2006),19,29,35,42,55,57,
798,(13/09/2006),3,4,9,29,32,52,
797,(09/09/2006),6,12,47,48,52,58,
796,(06/09/2006),5,19,24,34,39,43,
795,(02/09/2006),14,21,26,29,36,48,
794,(30/08/2006),3,38,42,47,55,56,
793,(26/08/2006),3,15,16,33,51,57,
792,(23/08/2006),9,29,34,43,45,56,
791,(19/08/2006),9,14,19,35,42,58,
790,(16/08/2006),2,6,19,22,28,43,
789,(12/08/2006),6,31,38,39,50,60,
788,(09/08/2006),17,19,29,31,44,57,
787,(05/08/2006),20,31,34,37,54,60,
786,(02/08/2006),10,11,26,27,31,41,
785,(29/07/2006),5,8,17,35,37,48,
784,(26/07/2006),8,27,37,42,53,56,
783,(22/07/2006),4,8,21,32,43,48,
782,(19/07/2006),2,11,23,35,42,59,
781,(15/07/2006),8,10,13,39,54,56,
780,(12/07/2006),7,10,28,50,51,59,
779,(08/07/2006),25,26,29,36,52,54,
778,(05/07/2006),20,31,36,37,45,51,
777,(01/07/2006),2,14,23,28,50,56,
776,(28/06/2006),3,15,35,41,57,60,
775,(24/06/2006),12,27,42,46,47,50,
774,(21/06/2006),5,10,37,46,54,58,
773,(17/06/2006),3,5,14,29,34,51,
772,(14/06/2006),10,35,38,51,52,60,
771,(10/06/2006),14,21,29,34,46,47,
770,(07/06/2006),4,12,25,34,35,48,
769,(03/06/2006),12,16,20,21,29,50,
768,(31/05/2006),4,8,30,33,37,59,
767,(27/05/2006),15,22,32,38,50,54,
766,(24/05/2006),1,19,24,42,50,58,
765,(21/05/2006),3,10,16,30,37,50,
764,(18/05/2006),3,7,45,47,53,55,
763,(13/05/2006),1,9,26,40,47,48,
762,(10/05/2006),9,12,21,37,39,54,
761,(06/05/2006),13,17,27,29,40,56,
760,(03/05/2006),12,17,44,45,46,60,
759,(29/04/2006),30,31,39,45,48,59,
758,(26/04/2006),1,23,36,43,47,59,
757,(22/04/2006),12,17,18,30,32,58,
756,(19/04/2006),5,27,37,38,41,50,
755,(15/04/2006),4,12,30,47,49,59,
754,(12/04/2006),3,4,13,34,42,50,
753,(08/04/2006),2,7,22,35,43,59,
752,(05/04/2006),4,23,24,25,29,42,
751,(01/04/2006),4,7,20,25,38,50,
750,(29/03/2006),10,17,33,42,54,58,
749,(25/03/2006),4,24,47,48,50,57,
748,(22/03/2006),1,2,7,19,35,51,
747,(18/03/2006),2,3,12,21,23,56,
746,(15/03/2006),1,10,12,25,49,57,
745,(11/03/2006),2,16,21,37,43,57,
744,(08/03/2006),4,12,23,26,39,46,
743,(04/03/2006),20,23,25,32,54,60,
742,(01/03/2006),2,7,17,34,41,50,
741,(25/02/2006),24,26,27,36,39,59,
740,(22/02/2006),12,16,28,29,47,50,
739,(18/02/2006),6,10,35,45,49,56,
738,(15/02/2006),14,15,26,30,42,54,
737,(11/02/2006),11,12,24,32,33,38,
736,(08/02/2006),1,21,38,41,49,56,
735,(04/02/2006),9,15,38,40,42,52,
734,(01/02/2006),27,29,43,44,45,54,
733,(28/01/2006),2,12,26,31,43,46,
732,(25/01/2006),6,17,19,49,50,53,
731,(21/01/2006),6,15,16,23,28,35,
730,(18/01/2006),2,15,16,45,50,54,
729,(14/01/2006),5,18,33,43,56,57,
728,(11/01/2006),8,13,24,32,42,44,
727,(07/01/2006),4,12,14,30,42,59,
726,(04/01/2006),1,5,7,37,40,47,
725,(31/12/2005),3,9,35,37,41,49,
724,(21/12/2005),17,27,34,48,51,55,
723,(17/12/2005),1,6,16,36,50,52,
722,(14/12/2005),9,18,36,44,57,60,
721,(10/12/2005),3,14,23,25,36,55,
720,(07/12/2005),12,31,44,51,54,56,
719,(03/12/2005),3,32,37,39,47,53,
718,(30/11/2005),7,21,33,35,39,58,
717,(26/11/2005),6,17,23,28,35,41,
716,(23/11/2005),2,7,16,29,32,50,
715,(19/11/2005),4,12,24,33,36,54,
714,(16/11/2005),7,8,17,35,39,53,
713,(12/11/2005),1,12,16,26,46,54,
712,(09/11/2005),7,8,35,43,53,58,
711,(05/11/2005),5,10,33,40,41,59,
710,(29/10/2005),5,25,34,39,46,49,
709,(26/10/2005),4,6,9,22,29,44,
708,(22/10/2005),7,9,13,39,45,47,
707,(19/10/2005),1,8,10,36,43,51,
706,(15/10/2005),2,7,10,17,22,60,
705,(08/10/2005),3,11,13,15,26,43,
704,(05/10/2005),2,4,18,27,34,50,
703,(01/10/2005),2,11,24,27,30,45,
702,(28/09/2005),1,18,45,56,57,58,
701,(24/09/2005),1,13,23,31,48,60,
700,(21/09/2005),2,3,14,24,31,40,
699,(19/09/2005),17,23,48,50,53,54,
698,(14/09/2005),8,12,22,27,43,55,
697,(10/09/2005),28,31,32,35,51,53,
696,(03/09/2005),9,16,34,37,53,57,
695,(31/08/2005),6,11,13,21,40,52,
694,(27/08/2005),15,19,29,37,41,53,
693,(24/08/2005),13,14,17,31,41,50,
692,(20/08/2005),11,18,33,57,58,60,
691,(17/08/2005),8,16,37,50,55,58,
690,(13/08/2005),8,12,15,41,47,53,
689,(10/08/2005),6,7,31,49,51,60,
688,(06/08/2005),11,21,30,35,47,52,
687,(03/08/2005),1,7,14,41,48,59,
686,(30/07/2005),4,5,15,26,33,54,
685,(27/07/2005),5,12,27,33,43,56,
684,(23/07/2005),17,19,33,37,40,50,
683,(20/07/2005),2,11,12,35,40,43,
682,(16/07/2005),4,27,36,37,47,60,
681,(13/07/2005),21,25,38,53,58,59,
680,(09/07/2005),2,3,5,22,26,44,
679,(06/07/2005),3,21,25,37,54,58,
678,(02/07/2005),14,31,40,42,44,46,
677,(29/06/2005),8,10,25,32,48,55,
676,(25/06/2005),9,15,32,41,42,49,
675,(22/06/2005),24,25,30,42,43,50,
674,(18/06/2005),18,22,29,32,38,42,
673,(15/06/2005),6,11,20,34,37,40,
672,(11/06/2005),24,28,34,38,43,53,
671,(08/06/2005),9,16,27,38,39,51,
670,(04/06/2005),22,37,42,48,58,59,
669,(01/06/2005),7,24,27,40,41,49,
668,(28/05/2005),1,2,14,33,49,56,
667,(25/05/2005),1,4,5,16,23,49,
666,(21/05/2005),7,16,26,29,45,55,
665,(18/05/2005),7,8,18,25,47,48,
664,(14/05/2005),1,12,36,38,55,59,
663,(11/05/2005),1,27,30,49,51,55,
662,(07/05/2005),4,18,23,25,56,60,
661,(04/05/2005),4,27,36,40,42,55,
660,(30/04/2005),5,11,38,46,53,54,
659,(27/04/2005),14,29,34,40,51,52,
658,(23/04/2005),3,6,11,20,36,41,
657,(20/04/2005),16,20,33,58,59,60,
656,(16/04/2005),35,36,37,46,51,59,
655,(13/04/2005),1,26,37,39,43,48,
654,(09/04/2005),6,10,11,40,41,56,
653,(06/04/2005),5,9,19,24,31,34,
652,(02/04/2005),10,18,20,24,56,57,
651,(30/03/2005),26,28,39,45,48,60,
650,(26/03/2005),10,24,25,29,53,59,
649,(23/03/2005),9,24,33,41,48,54,
648,(19/03/2005),5,23,29,42,45,48,
647,(16/03/2005),11,12,14,19,54,56,
646,(12/03/2005),10,13,32,47,49,60,
645,(09/03/2005),3,24,48,52,53,54,
644,(05/03/2005),14,27,29,31,34,57,
643,(02/03/2005),14,24,37,40,42,45,
642,(26/02/2005),17,36,40,44,51,56,
641,(23/02/2005),1,9,13,17,33,34,
640,(19/02/2005),12,19,42,46,59,60,
639,(16/02/2005),13,35,39,45,51,60,
638,(12/02/2005),10,11,36,41,42,50,
637,(05/02/2005),11,18,43,48,52,58,
636,(02/02/2005),26,28,30,32,34,50,
635,(29/01/2005),8,20,26,37,42,49,
634,(26/01/2005),10,13,24,41,42,56,
633,(22/01/2005),5,11,22,27,46,50,
632,(19/01/2005),2,19,28,48,51,54,
631,(15/01/2005),1,20,28,32,44,47,
630,(12/01/2005),12,16,20,45,53,60,
629,(08/01/2005),15,16,39,40,47,51,
628,(05/01/2005),8,16,22,30,56,58,
627,(29/12/2004),1,13,19,45,56,58,
626,(22/12/2004),7,8,18,22,39,49,
625,(18/12/2004),12,24,32,40,42,59,
624,(15/12/2004),8,23,34,39,43,52,
623,(11/12/2004),9,23,30,42,49,55,
622,(08/12/2004),19,27,29,38,50,59,
621,(04/12/2004),26,29,31,49,50,57,
620,(01/12/2004),1,3,13,22,29,32,
619,(27/11/2004),8,12,14,16,19,46,
618,(24/11/2004),3,8,10,13,24,60,
617,(20/11/2004),3,5,25,33,36,49,
616,(17/11/2004),2,12,16,24,26,54,
615,(13/11/2004),5,8,10,27,31,51,
614,(10/11/2004),12,16,31,48,57,60,
613,(06/11/2004),6,13,19,44,54,55,
612,(03/11/2004),15,18,33,50,53,55,
611,(30/10/2004),16,21,22,33,48,49,
610,(27/10/2004),25,30,43,45,47,49,
609,(23/10/2004),2,6,15,58,59,60,
608,(20/10/2004),6,13,19,24,30,37,
607,(16/10/2004),6,11,19,27,41,59,
606,(13/10/2004),6,23,32,35,41,55,
605,(09/10/2004),4,24,44,49,52,53,
604,(06/10/2004),15,25,41,46,49,51,
603,(02/10/2004),4,8,11,12,29,44,
602,(29/09/2004),7,13,38,46,55,60,
601,(25/09/2004),10,19,22,29,30,37,
600,(22/09/2004),16,18,31,34,39,54,
599,(18/09/2004),4,6,9,23,45,51,
598,(15/09/2004),5,16,34,38,50,53,
597,(11/09/2004),22,27,29,40,42,56,
596,(08/09/2004),11,14,28,43,54,60,
595,(04/09/2004),1,2,25,43,50,54,
594,(01/09/2004),10,13,29,47,53,55,
593,(28/08/2004),1,25,27,29,49,59,
592,(25/08/2004),13,14,42,47,55,59,
591,(21/08/2004),1,3,18,34,50,58,
590,(18/08/2004),4,5,18,25,28,51,
589,(14/08/2004),6,7,8,13,33,59,
588,(11/08/2004),11,13,45,46,53,55,
587,(07/08/2004),2,18,29,30,36,60,
586,(04/08/2004),11,13,38,39,45,54,
585,(31/07/2004),12,24,33,36,39,57,
584,(28/07/2004),7,8,23,30,32,53,
583,(24/07/2004),6,7,20,41,43,55,
582,(21/07/2004),13,29,40,45,51,59,
581,(17/07/2004),14,17,25,30,39,52,
580,(14/07/2004),15,16,18,28,38,47,
579,(10/07/2004),4,9,15,17,34,39,
578,(07/07/2004),3,18,23,48,56,58,
577,(03/07/2004),8,23,24,28,31,47,
576,(30/06/2004),7,8,18,39,43,52,
575,(26/06/2004),5,18,21,29,35,48,
574,(23/06/2004),2,10,17,23,32,44,
573,(19/06/2004),6,17,22,29,40,59,
572,(16/06/2004),3,9,16,20,33,60,
571,(12/06/2004),12,13,14,31,50,51,
570,(09/06/2004),15,32,33,35,36,51,
569,(05/06/2004),3,9,14,15,32,57,
568,(02/06/2004),13,17,22,25,29,41,
567,(29/05/2004),11,31,38,41,57,58,
566,(26/05/2004),6,13,17,18,20,37,
565,(22/05/2004),7,31,34,35,37,45,
564,(19/05/2004),10,13,20,32,38,49,
563,(15/05/2004),5,8,23,34,44,51,
562,(12/05/2004),16,23,35,37,55,57,
561,(08/05/2004),1,20,36,39,49,55,
560,(05/05/2004),2,11,18,30,32,58,
559,(01/05/2004),6,13,17,25,36,53,
558,(28/04/2004),7,14,31,57,58,59,
557,(24/04/2004),8,12,18,23,38,49,
556,(21/04/2004),8,10,17,30,33,45,
555,(17/04/2004),5,23,31,33,45,49,
554,(14/04/2004),15,29,31,42,47,60,
553,(10/04/2004),4,43,46,53,54,58,
552,(07/04/2004),9,22,47,49,52,54,
551,(03/04/2004),12,21,46,48,56,57,
550,(31/03/2004),16,17,38,39,45,56,
549,(27/03/2004),8,13,22,46,51,58,
548,(24/03/2004),14,47,49,51,58,59,
547,(20/03/2004),4,13,28,30,53,59,
546,(17/03/2004),4,5,13,17,46,54,
545,(13/03/2004),17,29,35,40,43,57,
544,(10/03/2004),11,17,33,34,47,56,
543,(06/03/2004),35,37,42,46,49,54,
542,(03/03/2004),4,6,19,28,35,49,
541,(28/02/2004),13,27,49,52,57,58,
540,(21/02/2004),4,22,28,30,44,49,
539,(18/02/2004),6,16,19,47,50,55,
538,(14/02/2004),3,25,43,45,52,56,
537,(11/02/2004),3,7,19,34,37,39,
536,(07/02/2004),14,15,22,23,25,37,
535,(04/02/2004),6,14,28,47,49,56,
534,(31/01/2004),3,8,23,31,48,57,
533,(28/01/2004),13,18,21,27,53,59,
532,(24/01/2004),4,9,12,13,52,53,
531,(21/01/2004),1,3,7,18,35,50,
530,(17/01/2004),1,6,21,25,32,49,
529,(14/01/2004),1,13,33,38,45,56,
528,(10/01/2004),8,12,28,31,34,37,
527,(07/01/2004),6,14,17,26,50,52,
526,(03/01/2004),3,21,31,36,55,59,
525,(27/12/2003),8,10,24,26,32,49,
524,(20/12/2003),19,29,34,41,47,48,
523,(17/12/2003),28,39,40,44,45,58,
522,(13/12/2003),6,14,15,25,49,52,
521,(10/12/2003),15,25,28,32,38,45,
520,(06/12/2003),9,12,17,32,34,35,
519,(03/12/2003),9,15,19,22,36,42,
518,(29/11/2003),5,8,10,15,18,44,
517,(26/11/2003),7,8,28,32,38,51,
516,(22/11/2003),5,13,24,33,34,35,
515,(19/11/2003),15,16,39,45,48,57,
514,(15/11/2003),15,36,40,42,51,52,
513,(12/11/2003),10,19,27,33,39,46,
512,(08/11/2003),4,8,31,40,53,58,
511,(05/11/2003),3,4,8,34,36,37,
510,(01/11/2003),1,4,30,41,45,58,
509,(29/10/2003),28,32,33,34,35,55,
508,(25/10/2003),5,10,15,45,46,56,
507,(22/10/2003),3,5,27,33,44,58,
506,(18/10/2003),4,15,31,34,37,38,
505,(15/10/2003),3,20,28,46,47,52,
504,(11/10/2003),8,11,19,30,39,50,
503,(08/10/2003),7,10,21,27,48,49,
502,(04/10/2003),7,13,21,24,33,50,
501,(01/10/2003),16,27,28,34,39,56,
500,(27/09/2003),21,29,35,36,38,54,
499,(20/09/2003),1,4,5,11,44,59,
498,(17/09/2003),2,6,28,49,50,57,
497,(13/09/2003),9,13,20,32,41,58,
496,(10/09/2003),10,19,20,29,41,59,
495,(06/09/2003),8,15,29,36,49,60,
494,(03/09/2003),18,20,28,32,49,53,
493,(30/08/2003),3,18,20,24,42,54,
492,(27/08/2003),2,6,15,18,56,57,
491,(23/08/2003),1,9,15,22,43,55,
490,(20/08/2003),5,11,23,29,54,58,
489,(16/08/2003),17,28,33,36,53,59,
488,(13/08/2003),15,30,35,39,43,57,
487,(09/08/2003),8,22,25,48,52,54,
486,(06/08/2003),8,14,19,30,42,50,
485,(02/08/2003),19,28,30,38,52,57,
484,(30/07/2003),17,18,19,38,49,53,
483,(26/07/2003),16,18,23,35,44,59,
482,(23/07/2003),12,13,33,53,54,56,
481,(19/07/2003),6,13,22,24,42,44,
480,(16/07/2003),14,33,36,38,41,49,
479,(12/07/2003),20,26,41,46,54,58,
478,(09/07/2003),3,8,21,25,30,31,
477,(05/07/2003),6,8,18,34,38,47,
476,(02/07/2003),17,20,38,43,55,58,
475,(28/06/2003),6,8,19,22,43,52,
474,(25/06/2003),3,12,32,34,40,50,
473,(21/06/2003),7,23,41,49,51,58,
472,(18/06/2003),3,4,12,29,38,51,
471,(14/06/2003),5,31,32,36,51,59,
470,(11/06/2003),8,11,23,37,51,58,
469,(07/06/2003),13,21,26,29,42,47,
468,(04/06/2003),5,6,23,25,39,51,
467,(31/05/2003),8,18,21,22,38,60,
466,(28/05/2003),11,16,28,29,30,45,
465,(24/05/2003),1,22,31,46,51,57,
464,(21/05/2003),6,24,33,38,45,50,
463,(17/05/2003),2,3,7,18,45,53,
462,(14/05/2003),17,19,22,26,27,48,
461,(10/05/2003),15,17,20,29,30,60,
460,(07/05/2003),19,23,30,37,49,55,
459,(03/05/2003),8,15,17,39,43,49,
458,(30/04/2003),13,24,32,34,43,53,
457,(26/04/2003),15,17,24,27,32,48,
456,(23/04/2003),3,17,22,27,33,40,
455,(19/04/2003),2,14,15,17,50,59,
454,(16/04/2003),4,17,24,42,46,56,
453,(12/04/2003),8,20,23,34,52,58,
452,(09/04/2003),11,16,30,36,51,54,
451,(05/04/2003),17,18,23,28,31,53,
450,(02/04/2003),1,9,13,50,51,59,
449,(29/03/2003),1,8,24,34,49,56,
448,(26/03/2003),3,5,9,45,51,52,
447,(22/03/2003),15,24,25,33,42,55,
446,(19/03/2003),8,11,12,17,20,47,
445,(15/03/2003),7,20,31,32,50,53,
444,(12/03/2003),3,24,33,48,52,57,
443,(08/03/2003),11,17,26,36,48,52,
442,(01/03/2003),6,15,23,31,37,59,
441,(26/02/2003),2,10,15,21,58,59,
440,(22/02/2003),3,5,23,30,46,47,
439,(19/02/2003),13,20,29,42,43,57,
438,(15/02/2003),3,5,11,14,38,48,
437,(12/02/2003),7,10,30,44,54,59,
436,(08/02/2003),1,6,7,29,48,57,
435,(05/02/2003),10,11,17,31,37,43,
434,(01/02/2003),4,10,17,24,30,54,
433,(29/01/2003),16,17,28,30,36,54,
432,(25/01/2003),4,13,17,27,39,50,
431,(22/01/2003),26,37,40,47,52,58,
430,(18/01/2003),8,10,21,25,38,50,
429,(15/01/2003),17,26,32,36,43,55,
428,(11/01/2003),8,28,30,32,46,60,
427,(08/01/2003),3,13,14,24,43,51,
426,(04/01/2003),7,30,32,37,50,54,
425,(28/12/2002),6,10,16,34,42,47,
424,(21/12/2002),18,27,29,36,46,59,
423,(18/12/2002),8,22,32,33,40,53,
422,(14/12/2002),12,37,43,55,56,60,
421,(11/12/2002),5,35,37,38,45,51,
420,(07/12/2002),12,29,30,43,57,59,
419,(04/12/2002),9,16,41,42,52,53,
418,(30/11/2002),8,15,32,45,49,52,
417,(27/11/2002),7,12,21,25,34,42,
416,(23/11/2002),1,13,23,33,54,56,
415,(20/11/2002),1,4,27,38,42,44,
414,(16/11/2002),16,26,35,45,52,58,
413,(13/11/2002),2,4,29,33,35,53,
412,(09/11/2002),5,12,14,21,45,59,
411,(06/11/2002),10,12,31,38,45,56,
410,(02/11/2002),8,24,31,36,38,55,
409,(30/10/2002),18,25,26,31,34,49,
408,(26/10/2002),14,28,33,44,49,56,
407,(23/10/2002),2,18,22,49,51,57,
406,(19/10/2002),2,12,32,38,47,48,
405,(16/10/2002),24,29,34,47,57,60,
404,(12/10/2002),1,24,28,38,40,58,
403,(09/10/2002),7,16,27,31,46,60,
402,(05/10/2002),5,16,27,43,56,58,
401,(02/10/2002),11,18,43,44,50,53,
400,(28/09/2002),10,13,28,29,54,59,
399,(25/09/2002),11,16,27,47,55,59,
398,(21/09/2002),7,16,22,28,36,37,
397,(18/09/2002),1,2,5,24,32,46,
396,(14/09/2002),6,18,34,42,45,47,
395,(11/09/2002),10,11,14,20,31,58,
394,(07/09/2002),5,15,35,42,45,49,
393,(04/09/2002),6,12,35,36,40,50,
392,(31/08/2002),15,23,31,39,47,49,
391,(28/08/2002),4,7,15,16,35,40,
390,(24/08/2002),7,12,22,34,38,53,
389,(21/08/2002),5,14,18,43,46,54,
388,(17/08/2002),23,36,48,52,53,58,
387,(14/08/2002),22,28,29,43,47,48,
386,(10/08/2002),17,35,36,39,43,54,
385,(07/08/2002),5,12,16,18,22,24,
384,(03/08/2002),24,28,40,47,50,52,
383,(31/07/2002),14,22,48,50,53,56,
382,(27/07/2002),31,34,37,38,53,54,
381,(24/07/2002),9,10,28,46,55,56,
380,(20/07/2002),13,22,30,31,47,57,
379,(17/07/2002),24,33,40,41,55,59,
378,(13/07/2002),5,38,41,45,48,55,
377,(10/07/2002),3,12,19,27,45,46,
376,(06/07/2002),10,13,25,35,43,48,
375,(03/07/2002),1,5,9,42,51,58,
374,(29/06/2002),2,5,16,26,44,54,
373,(26/06/2002),1,5,10,24,31,33,
372,(22/06/2002),16,17,24,39,46,57,
371,(19/06/2002),4,18,23,33,39,60,
370,(15/06/2002),1,4,40,42,51,54,
369,(12/06/2002),1,14,21,35,42,60,
368,(08/06/2002),13,29,32,38,44,50,
367,(05/06/2002),10,12,27,33,49,52,
366,(01/06/2002),4,6,7,15,21,51,
365,(29/05/2002),19,23,34,37,52,58,
364,(25/05/2002),5,29,44,51,57,59,
363,(22/05/2002),19,29,39,47,49,54,
362,(18/05/2002),7,20,33,37,46,56,
361,(15/05/2002),16,28,31,41,45,59,
360,(11/05/2002),23,24,29,47,53,55,
359,(08/05/2002),13,19,20,29,31,54,
358,(04/05/2002),12,17,21,32,40,42,
357,(27/04/2002),2,30,32,35,45,53,
356,(24/04/2002),5,19,21,54,56,58,
355,(20/04/2002),2,14,22,23,37,60,
354,(17/04/2002),7,16,38,40,41,52,
353,(13/04/2002),19,23,30,46,55,60,
352,(10/04/2002),7,20,25,44,47,49,
351,(06/04/2002),15,16,24,41,59,60,
350,(03/04/2002),10,15,23,30,43,57,
349,(30/03/2002),8,9,28,32,38,54,
348,(27/03/2002),19,30,33,39,40,52,
347,(23/03/2002),1,10,12,26,48,52,
346,(20/03/2002),7,12,41,46,56,60,
345,(16/03/2002),11,22,46,51,56,58,
344,(13/03/2002),10,12,14,33,35,36,
343,(09/03/2002),4,6,7,12,24,41,
342,(06/03/2002),16,29,34,49,51,54,
341,(02/03/2002),5,16,22,23,43,56,
340,(27/02/2002),9,10,12,33,42,60,
339,(23/02/2002),5,12,13,16,27,50,
338,(20/02/2002),1,4,9,36,46,48,
337,(16/02/2002),4,14,16,31,52,54,
336,(09/02/2002),2,18,22,26,30,54,
335,(06/02/2002),7,23,33,43,57,59,
334,(02/02/2002),14,23,24,26,41,51,
333,(30/01/2002),4,27,35,44,52,53,
332,(26/01/2002),23,28,29,34,42,44,
331,(23/01/2002),1,13,20,27,35,37,
330,(19/01/2002),2,4,14,23,37,51,
329,(16/01/2002),10,11,12,24,35,40,
328,(12/01/2002),5,7,14,21,23,51,
327,(09/01/2002),29,32,33,38,46,48,
326,(05/01/2002),21,23,40,44,51,52,
325,(29/12/2001),1,3,4,21,23,53,
324,(22/12/2001),8,15,22,25,30,47,
323,(19/12/2001),26,31,33,40,49,54,
322,(15/12/2001),11,18,29,44,47,56,
321,(12/12/2001),4,11,31,32,48,49,
320,(08/12/2001),20,22,27,47,50,53,
319,(05/12/2001),12,16,17,19,23,48,
318,(01/12/2001),3,19,20,31,40,53,
317,(28/11/2001),16,20,27,30,35,48,
316,(24/11/2001),6,24,28,43,51,56,
315,(21/11/2001),12,21,22,28,43,50,
314,(17/11/2001),5,32,34,37,40,58,
313,(14/11/2001),14,16,24,37,38,53,
312,(10/11/2001),14,23,30,41,47,50,
311,(07/11/2001),22,24,30,32,38,41,
310,(03/11/2001),2,14,28,29,31,32,
309,(31/10/2001),4,11,25,39,50,55,
308,(27/10/2001),4,11,25,29,39,55,
307,(24/10/2001),13,16,17,26,41,44,
306,(20/10/2001),19,30,41,47,56,57,
305,(17/10/2001),5,11,27,38,53,60,
304,(13/10/2001),7,11,34,41,42,59,
303,(10/10/2001),7,13,17,30,37,47,
302,(06/10/2001),12,25,30,40,41,60,
301,(03/10/2001),9,26,48,49,57,58,
300,(29/09/2001),24,27,28,38,41,57,
299,(26/09/2001),2,5,7,33,49,53,
298,(22/09/2001),5,22,23,24,34,60,
297,(19/09/2001),1,20,28,33,36,41,
296,(15/09/2001),3,20,42,46,51,52,
295,(12/09/2001),7,12,24,31,44,50,
294,(08/09/2001),22,25,28,41,45,57,
293,(05/09/2001),5,6,7,12,28,35,
292,(01/09/2001),13,23,24,34,45,53,
291,(29/08/2001),5,16,17,18,22,41,
290,(25/08/2001),7,25,26,30,40,57,
289,(22/08/2001),6,7,20,25,30,36,
288,(18/08/2001),6,9,11,17,18,50,
287,(15/08/2001),3,13,25,33,47,60,
286,(11/08/2001),29,35,37,44,47,56,
285,(08/08/2001),12,32,37,41,50,56,
284,(04/08/2001),7,8,14,30,32,36,
283,(01/08/2001),25,28,34,42,48,54,
282,(28/07/2001),9,14,23,24,33,36,
281,(21/07/2001),5,11,31,38,47,53,
280,(14/07/2001),5,16,20,25,30,58,
279,(07/07/2001),4,23,31,47,58,59,
278,(30/06/2001),10,15,18,22,31,55,
277,(23/06/2001),4,26,38,40,52,56,
276,(16/06/2001),22,39,45,53,57,59,
275,(09/06/2001),16,19,30,37,38,48,
274,(02/06/2001),11,13,18,26,39,47,
273,(26/05/2001),10,17,23,27,47,52,
272,(19/05/2001),9,10,24,36,56,58,
271,(12/05/2001),14,24,26,29,31,54,
270,(05/05/2001),5,9,27,35,40,45,
269,(28/04/2001),17,18,19,25,49,52,
268,(21/04/2001),5,6,10,21,33,47,
267,(14/04/2001),1,8,45,46,55,58,
266,(07/04/2001),2,23,38,46,48,54,
265,(31/03/2001),7,16,34,41,50,53,
264,(24/03/2001),1,5,13,25,31,33,
263,(17/03/2001),8,9,26,43,50,53,
262,(10/03/2001),11,20,48,53,58,60,
261,(03/03/2001),5,16,20,30,54,56,
260,(24/02/2001),4,6,33,43,59,60,
259,(17/02/2001),13,15,20,33,43,58,
258,(10/02/2001),7,12,50,54,55,60,
257,(03/02/2001),1,4,5,19,28,34,
256,(27/01/2001),2,21,26,32,34,52,
255,(20/01/2001),16,19,20,32,44,55,
254,(13/01/2001),1,4,21,22,30,56,
253,(06/01/2001),11,12,24,37,44,56,
252,(30/12/2000),4,17,26,32,51,54,
251,(23/12/2000),15,23,30,34,49,55,
250,(16/12/2000),7,25,41,42,43,55,
249,(09/12/2000),21,36,40,49,54,55,
248,(02/12/2000),16,32,34,35,41,56,
247,(25/11/2000),3,10,23,30,34,46,
246,(18/11/2000),2,16,32,37,43,57,
245,(11/11/2000),8,27,44,51,53,60,
244,(04/11/2000),19,24,33,47,50,60,
243,(28/10/2000),11,16,20,23,32,47,
242,(21/10/2000),4,7,21,22,28,56,
241,(14/10/2000),11,31,35,40,56,57,
240,(07/10/2000),25,28,38,41,57,59,
239,(30/09/2000),6,21,33,44,46,47,
238,(23/09/2000),9,13,15,37,41,42,
237,(16/09/2000),7,31,36,45,56,57,
236,(09/09/2000),10,25,50,52,57,60,
235,(02/09/2000),2,22,29,31,41,55,
234,(26/08/2000),15,25,41,42,45,54,
233,(19/08/2000),3,7,24,32,36,45,
232,(12/08/2000),19,22,29,37,41,59,
231,(05/08/2000),16,27,36,42,44,59,
230,(29/07/2000),8,40,41,44,53,56,
229,(22/07/2000),11,13,21,33,39,45,
228,(15/07/2000),13,16,40,43,45,59,
227,(08/07/2000),11,26,27,37,42,48,
226,(01/07/2000),1,2,38,49,50,59,
225,(24/06/2000),2,4,16,21,37,58,
224,(17/06/2000),7,16,18,20,21,44,
223,(10/06/2000),2,6,22,24,28,58,
222,(03/06/2000),5,19,30,48,52,55,
221,(27/05/2000),13,27,43,50,54,58,
220,(20/05/2000),13,14,36,53,55,60,
219,(13/05/2000),23,26,28,36,42,49,
218,(06/05/2000),12,17,40,42,47,54,
217,(29/04/2000),3,27,32,45,49,51,
216,(22/04/2000),14,18,30,35,42,59,
215,(15/04/2000),7,28,37,46,53,58,
214,(08/04/2000),6,12,30,31,35,50,
213,(01/04/2000),3,9,23,30,32,35,
212,(25/03/2000),6,15,29,45,57,59,
211,(18/03/2000),10,20,33,40,45,50,
210,(11/03/2000),20,32,37,38,48,58,
209,(04/03/2000),13,21,26,32,41,52,
208,(26/02/2000),15,23,24,25,47,57,
207,(19/02/2000),3,7,19,24,53,55,
206,(12/02/2000),18,20,26,34,51,56,
205,(05/02/2000),26,32,40,43,46,54,
204,(29/01/2000),29,31,39,41,51,58,
203,(22/01/2000),11,19,29,44,47,55,
202,(15/01/2000),12,24,44,45,49,53,
201,(08/01/2000),5,20,22,30,35,55,
200,(31/12/1999),12,15,19,34,44,51,
199,(24/12/1999),10,16,37,50,52,57,
198,(18/12/1999),1,8,18,23,35,40,
197,(11/12/1999),5,12,15,19,29,52,
196,(04/12/1999),7,9,14,17,24,32,
195,(27/11/1999),3,9,17,32,37,44,
194,(20/11/1999),25,28,32,33,42,43,
193,(13/11/1999),4,11,12,19,43,49,
192,(06/11/1999),1,26,28,41,54,60,
191,(31/10/1999),1,3,5,23,41,58,
190,(24/10/1999),5,10,21,32,40,42,
189,(16/10/1999),4,15,31,38,41,53,
188,(10/10/1999),17,27,34,42,43,46,
187,(02/10/1999),6,36,41,44,48,58,
186,(25/09/1999),14,23,24,25,26,51,
185,(18/09/1999),17,22,43,46,55,59,
184,(11/09/1999),9,16,21,34,41,60,
183,(04/09/1999),2,7,11,16,40,44,
182,(28/08/1999),3,5,10,28,46,60,
181,(21/08/1999),1,27,33,35,51,55,
180,(14/08/1999),6,23,29,39,51,60,
179,(07/08/1999),5,6,23,26,27,53,
178,(31/07/1999),5,15,19,26,27,33,
177,(24/07/1999),22,35,38,39,41,59,
176,(17/07/1999),1,3,4,28,45,53,
175,(10/07/1999),1,10,13,20,42,50,
174,(03/07/1999),11,22,23,36,52,59,
173,(26/06/1999),17,28,29,42,49,50,
172,(19/06/1999),10,14,26,35,36,49,
171,(12/06/1999),4,27,40,43,46,54,
170,(05/06/1999),7,41,46,51,55,58,
169,(29/05/1999),1,13,21,37,51,52,
168,(22/05/1999),2,9,31,35,45,50,
167,(15/05/1999),1,11,28,33,38,48,
166,(08/05/1999),12,13,22,57,59,60,
165,(01/05/1999),10,19,23,35,39,56,
164,(24/04/1999),4,10,14,19,28,44,
163,(17/04/1999),8,27,36,41,53,56,
162,(10/04/1999),21,23,33,38,48,51,
161,(03/04/1999),6,25,30,37,39,41,
160,(27/03/1999),2,13,42,52,54,58,
159,(20/03/1999),9,11,16,35,50,58,
158,(13/03/1999),4,14,17,43,51,58,
157,(06/03/1999),4,13,17,21,41,44,
156,(27/02/1999),17,23,42,49,52,55,
155,(20/02/1999),12,30,32,35,43,44,
154,(13/02/1999),8,10,24,33,45,48,
153,(06/02/1999),2,30,31,42,45,47,
152,(30/01/1999),5,12,15,29,51,58,
151,(23/01/1999),3,16,20,43,52,56,
150,(16/01/1999),12,44,50,52,54,55,
149,(09/01/1999),7,11,20,28,45,48,
148,(31/12/1998),32,35,41,55,58,59,
147,(24/12/1998),6,16,23,24,28,38,
146,(19/12/1998),25,32,34,42,51,60,
145,(12/12/1998),15,16,31,41,43,51,
144,(05/12/1998),8,32,36,44,45,55,
143,(28/11/1998),6,18,20,40,50,53,
142,(21/11/1998),8,15,19,20,54,59,
141,(14/11/1998),10,13,22,41,42,58,
140,(07/11/1998),7,31,41,44,46,55,
139,(31/10/1998),3,13,26,27,41,42,
138,(24/10/1998),5,14,27,37,40,41,
137,(17/10/1998),15,16,19,22,26,49,
136,(10/10/1998),1,17,25,38,45,59,
135,(03/10/1998),21,22,35,40,53,59,
134,(26/09/1998),4,25,32,36,52,60,
133,(19/09/1998),5,6,19,34,39,57,
132,(12/09/1998),7,9,35,41,44,50,
131,(05/09/1998),4,9,17,27,30,44,
130,(29/08/1998),13,29,38,42,49,53,
129,(22/08/1998),1,9,10,32,46,54,
128,(15/08/1998),3,9,18,21,23,43,
127,(08/08/1998),21,29,50,51,54,59,
126,(01/08/1998),6,10,11,28,32,40,
125,(25/07/1998),25,41,47,53,56,59,
124,(18/07/1998),5,15,34,41,52,57,
123,(11/07/1998),13,14,16,26,32,42,
122,(04/07/1998),11,17,20,39,43,53,
121,(27/06/1998),2,29,41,44,53,55,
120,(20/06/1998),3,16,27,40,45,46,
119,(13/06/1998),1,21,36,38,47,50,
118,(06/06/1998),9,22,25,37,56,57,
117,(30/05/1998),20,25,27,33,42,53,
116,(23/05/1998),5,13,32,36,42,51,
115,(16/05/1998),4,6,14,20,24,38,
114,(09/05/1998),6,12,18,37,47,54,
113,(02/05/1998),7,26,28,34,54,55,
112,(25/04/1998),12,20,34,37,42,43,
111,(18/04/1998),4,22,25,32,33,52,
110,(11/04/1998),18,31,43,52,57,58,
109,(04/04/1998),1,13,44,48,49,54,
108,(29/03/1998),21,24,29,34,59,60,
107,(22/03/1998),2,4,16,24,51,52,
106,(15/03/1998),5,16,24,35,38,39,
105,(08/03/1998),3,13,31,43,46,49,
104,(01/03/1998),1,4,13,21,38,52,
103,(22/02/1998),1,7,9,49,54,57,
102,(15/02/1998),19,20,37,42,44,56,
101,(08/02/1998),1,18,29,31,37,39,
100,(01/02/1998),14,29,30,46,48,51,
99,(25/01/1998),11,24,30,33,46,60,
98,(18/01/1998),13,14,31,33,35,43,
97,(11/01/1998),5,11,14,35,53,56,
96,(04/01/1998),4,7,26,40,42,58,
95,(28/12/1997),6,40,45,46,50,60,
94,(21/12/1997),8,18,28,51,52,55,
93,(14/12/1997),2,22,28,31,36,53,
92,(07/12/1997),1,3,5,23,24,51,
91,(30/11/1997),2,4,10,35,39,60,
90,(23/11/1997),9,21,26,40,52,54,
89,(16/11/1997),13,34,42,44,55,59,
88,(09/11/1997),4,18,29,37,43,45,
87,(02/11/1997),4,5,11,28,32,40,
86,(26/10/1997),6,21,22,34,36,54,
85,(19/10/1997),6,15,30,37,45,47,
84,(12/10/1997),4,6,10,25,34,40,
83,(05/10/1997),4,15,16,24,42,57,
82,(28/09/1997),15,18,29,36,51,53,
81,(21/09/1997),10,23,41,47,54,60,
80,(14/09/1997),23,28,37,40,48,51,
79,(07/09/1997),2,13,17,25,31,43,
78,(31/08/1997),12,22,25,31,32,46,
77,(24/08/1997),21,29,40,49,54,57,
76,(17/08/1997),8,17,18,23,33,53,
75,(10/08/1997),21,24,35,36,37,49,
74,(03/08/1997),2,24,34,37,38,50,
73,(27/07/1997),25,26,28,45,51,57,
72,(20/07/1997),1,19,34,43,44,48,
71,(13/07/1997),16,27,33,43,45,53,
70,(06/07/1997),17,23,27,40,43,58,
69,(29/06/1997),25,34,45,53,56,58,
68,(22/06/1997),1,3,12,13,53,59,
67,(15/06/1997),12,14,17,27,47,52,
66,(08/06/1997),12,13,15,26,33,48,
65,(01/06/1997),1,5,20,25,32,34,
64,(25/05/1997),8,12,23,50,54,60,
63,(18/05/1997),9,25,26,40,41,49,
62,(11/05/1997),6,8,13,24,31,52,
61,(04/05/1997),8,18,29,42,44,59,
60,(27/04/1997),3,14,15,20,21,38,
59,(20/04/1997),2,8,13,28,34,54,
58,(13/04/1997),12,27,30,37,44,49,
57,(06/04/1997),7,16,17,27,34,59,
56,(30/03/1997),2,7,20,35,51,59,
55,(23/03/1997),2,14,23,29,38,52,
54,(16/03/1997),5,9,18,21,36,56,
53,(09/03/1997),3,13,16,38,42,46,
52,(02/03/1997),15,30,38,46,58,59,
51,(23/02/1997),17,23,24,25,42,47,
50,(16/02/1997),6,16,21,44,57,58,
49,(09/02/1997),7,13,33,35,43,55,
48,(02/02/1997),2,5,28,34,47,50,
47,(26/01/1997),3,17,25,35,48,56,
46,(19/01/1997),1,23,24,32,46,60,
45,(12/01/1997),7,30,37,44,53,55,
44,(05/01/1997),14,18,29,38,44,47,
43,(29/12/1996),2,6,17,25,26,58,
42,(22/12/1996),7,11,19,24,33,36,
41,(15/12/1996),12,26,35,38,39,47,
40,(08/12/1996),3,5,8,12,46,47,
39,(01/12/1996),12,16,37,45,52,56,
38,(24/11/1996),10,42,43,45,54,55,
37,(17/11/1996),6,7,22,38,52,60,
36,(10/11/1996),3,13,17,25,29,51,
35,(03/11/1996),4,16,21,23,54,57,
34,(27/10/1996),13,15,17,40,53,57,
33,(20/10/1996),5,17,33,39,42,49,
32,(13/10/1996),5,14,33,36,43,44,
31,(06/10/1996),17,19,28,45,48,56,
30,(29/09/1996),7,14,15,29,38,50,
29,(22/09/1996),3,8,14,43,56,58,
28,(15/09/1996),3,6,22,24,54,60,
27,(08/09/1996),13,17,20,33,44,51,
26,(01/09/1996),10,22,50,53,57,58,
25,(25/08/1996),24,43,50,54,55,56,
24,(19/08/1996),1,8,14,28,33,43,
23,(12/08/1996),17,37,39,51,52,59,
22,(05/08/1996),1,9,31,38,46,56,
21,(29/07/1996),6,33,36,46,49,53,
20,(22/07/1996),11,25,28,30,33,51,
19,(15/07/1996),5,10,12,24,25,60,
18,(08/07/1996),23,27,36,37,42,56,
17,(01/07/1996),6,10,13,19,20,51,
16,(24/06/1996),20,32,34,49,58,60,
15,(17/06/1996),12,33,35,51,52,60,
14,(10/06/1996),2,16,23,27,47,53,
13,(03/06/1996),18,32,47,50,54,56,
12,(27/05/1996),4,16,19,20,27,43,
11,(20/05/1996),15,25,37,38,58,59,
10,(13/05/1996),4,18,21,25,38,57,
9,(06/05/1996),8,43,54,55,56,60,
8,(29/04/1996),4,17,37,38,47,53,
7,(22/04/1996),3,5,20,21,38,56,
6,(15/04/1996),7,13,19,22,40,47,
5,(08/04/1996),1,2,6,16,19,46,
4,(01/04/1996),1,5,6,27,42,59,
3,(25/03/1996),10,11,29,30,36,47,
2,(18/03/1996),9,37,39,41,43,49,
1,(11/03/1996),4,5,30,33,41,52,
